"https://glorygoal.ru/p/110efe/,Клубы,Ла Лига ,Атлетико Мадрид"
"https://glorygoal.ru/m/140a0/,Клубы,АПЛ ,Арсенал,Поло"
"https://glorygoal.ru/m/140c0/,Клубы,АПЛ ,Манчестер Юнайтед,Поло"
"https://glorygoal.ru/p/10ecb0/,Клубы,Ла Лига "
"https://glorygoal.ru/m/25350/,Клубы,Лига  ,Марсель,Костюмы"
"https://glorygoal.ru/m/263bc/,Клубы,Бундеслига ,Айнтрахт"
"https://glorygoal.ru/p/1be822/,Сборные,Европа,Португалия "
"https://glorygoal.ru/m/1408e/,Клубы,АПЛ ,Манчестер Сити,Игровые футболки"
"https://glorygoal.ru/m/2d9d1/,Сборные,Европа,Франция ,Футболки"
"https://glorygoal.ru/m/2e7f1/,Сборные,Америка,Коста Рика "
"https://glorygoal.ru/m/2e5b7/,Сборные,Европа,Португалия ,Костюмы"
"https://glorygoal.ru/m/22562/,Клубы,Ла Лига ,Эспаньол "
"https://glorygoal.ru/m/19249/,Клубы,Остальные клубы,МЛС ,  "
"https://glorygoal.ru/p/10ed24/,Клубы,Лига  ,Марсель"
"https://glorygoal.ru/m/2e07c/,Сборные,Африка,Камерун "
"https://glorygoal.ru/m/14344/,Клубы,Бундеслига ,Боруссия Д,Футболки"
"https://glorygoal.ru/m/263c2/,Клубы,Бундеслига ,Боруссия М"
"https://glorygoal.ru/p/110ee0/,Клубы,АПЛ ,Челси"
"https://glorygoal.ru/m/14e98/,РЕТРО,Челси"
"https://glorygoal.ru/p/10ecb4/,Клубы,Лига  "
"https://glorygoal.ru/m/263de/,Клубы,Бундеслига ,Шальке "
"https://glorygoal.ru/m/140a2/,Клубы,АПЛ ,Челси,Костюмы"
"https://glorygoal.ru/m/14eaa/,Клубы,АПЛ ,Ливерпуль,Ретро"
"https://glorygoal.ru/p/10ecba/,Сборные"
"https://glorygoal.ru/m/14e92/,Клубы,АПЛ ,Манчестер Юнайтед,Ретро"
"https://glorygoal.ru/m/142fa/,Клубы,Ла Лига ,Атлетико Мадрид,Костюмы"
"https://glorygoal.ru/m/2da46/,Сборные,Европа,Англия ,Игровые футболки"
"https://glorygoal.ru/m/14ac8/,Клубы,Лига  ,ПСЖ,Костюмы,Повседневные костюмы"
"https://glorygoal.ru/m/19247/,Клубы,Остальные клубы,МЛС , "
"https://glorygoal.ru/m/141f8/,Клубы,Ла Лига ,Барселона,Игровые футболки"
"https://glorygoal.ru/p/1be6c6/,Сборные,Европа"
"https://glorygoal.ru/m/18e64/,Клубы,Остальные клубы,Голландия ,Аякс,Игровые футболки"
"https://glorygoal.ru/m/2e5bd/,Сборные,Европа,Португалия ,Поло"
"https://glorygoal.ru/m/263ca/,Клубы,Серия А ,Парма "
"https://glorygoal.ru/p/10ed22/,Клубы,Лига  ,Лион"
"https://glorygoal.ru/p/1364de/,Клубы,Остальные клубы,Голландия "
"https://glorygoal.ru/p/110ee4/,Клубы,АПЛ ,Манчестер Сити"
"https://glorygoal.ru/m/2da4c/,Сборные,Европа,Англия ,Костюмы"
"https://glorygoal.ru/m/26382/,Клубы,Лига  ,Лион,Футболки"
"https://glorygoal.ru/m/2001d/,Клубы,РПЛ ,Спартак Москва "
"https://glorygoal.ru/m/2e815/,Сборные,Африка,Алжир "
"https://glorygoal.ru/p/18f5be/,Клубы,Остальные клубы,Португалия ,Порту"
"https://glorygoal.ru/m/14eb0/,РЕТРО,Реал Мадрид"
"https://glorygoal.ru/m/19253/,Клубы,Остальные клубы,МЛС ,   "
"https://glorygoal.ru/m/263d0/,Клубы,Серия А ,Атланта"
"https://glorygoal.ru/m/26388/,Клубы,Лига  ,Ницца "
"https://glorygoal.ru/m/13f7e/,Клубы,АПЛ ,Ливерпуль,Игровые футболки"
"https://glorygoal.ru/m/2e5f5/,Сборные,Европа,Уэльс ,Игровые футболки "
"https://glorygoal.ru/m/2638c/,Клубы,Серия А ,Торино"
"https://glorygoal.ru/m/14314/,Клубы,Серия А ,Милан,Поло"
"https://glorygoal.ru/p/10edce/,Сборные,Европа,Бельгия "
"https://glorygoal.ru/m/2e079/,Сборные,Африка,Конго "
"https://glorygoal.ru/m/19261/,Клубы,Остальные клубы,МЛС , "
"https://glorygoal.ru/p/1be74d/,Сборные,Европа,Австрия "
"https://glorygoal.ru/m/14330/,Клубы,Серия А ,Интер,Поло"
"https://glorygoal.ru/p/10ecb8/,Клубы,Серия А "
"https://glorygoal.ru/m/263ce/,Клубы,Серия А ,Лацио"
"https://glorygoal.ru/m/2da2c/,Сборные,Америка,Аргентина ,Игровые футболки "
"https://glorygoal.ru/m/14e96/,Клубы,АПЛ ,Арсенал,Ретро"
"https://glorygoal.ru/m/14090/,Клубы,АПЛ ,Манчестер Сити,Костюмы"
"https://glorygoal.ru/p/110efa/,Клубы,Ла Лига ,Барселона"
"https://glorygoal.ru/m/2534e/,Клубы,Лига  ,Марсель,Футболки"
"https://glorygoal.ru/m/6539b/,Сборные,Европа,Италия ,Поло"
"https://glorygoal.ru/p/1be747/,Сборные,Европа,Уэльс "
"https://glorygoal.ru/m/2e082/,Сборные,Африка,Мали "
"https://glorygoal.ru/p/110ef6/,Клубы,Бундеслига ,Боруссия Д"
"https://glorygoal.ru/p/11bd36/,Клубы,Остальные клубы,Голландия ,Аякс"
"https://glorygoal.ru/m/140bc/,Клубы,АПЛ ,Манчестер Юнайтед,Костюмы"
"https://glorygoal.ru/p/1be759/,Сборные,Европа,Ирландия "
"https://glorygoal.ru/m/1433c/,Клубы,Бундеслига ,Бавария,Костюмы"
"https://glorygoal.ru/p/1be6cf/,Сборные,Америка"
"https://glorygoal.ru/m/2e5f8/,Сборные,Европа,Албания ,Игровые футболки "
"https://glorygoal.ru/m/294ae/,Клубы,АПЛ ,Остальные клубы АПЛ,Ноттингем форест"
"https://glorygoal.ru/m/2e5f2/,Сборные,Европа,Швейцария ,Игровые футболки"
"https://glorygoal.ru/m/2da02/,Сборные,Европа,Германия ,Игровые футболки"
"https://glorygoal.ru/m/2da31/,Сборные,Америка,Бразилия ,Игровые футболки"
"https://glorygoal.ru/m/141fe/,Клубы,Ла Лига ,Барселона,Поло"
"https://glorygoal.ru/m/14eac/,РЕТРО,ПСЖ"
"https://glorygoal.ru/p/10ed3c/,Клубы,Ла Лига ,Севилья"
"https://glorygoal.ru/m/14ea8/,РЕТРО,Ювентус"
"https://glorygoal.ru/m/1924f/,Клубы,Остальные клубы,МЛС , "
"https://glorygoal.ru/p/NaN/,Клубы,Остальные клубы,Португалия ,Наши отзывы и Гарантии "
"https://glorygoal.ru/m/14eaa/,РЕТРО,Ливерпуль"
"https://glorygoal.ru/m/2e7ee/,Сборные,Америка,Венесуэла "
"https://glorygoal.ru/m/141dc/,Клубы,Ла Лига ,Реал Мадрид,Игровые футболки"
"https://glorygoal.ru/m/14eb0/,Клубы,Ла Лига ,Реал Мадрид,Ретро"
"https://glorygoal.ru/p/1bbdbc/,Сборные,Европа,Англия "
"https://glorygoal.ru/m/2e821/,Сборные,Африка,Марокко "
"https://glorygoal.ru/m/2e5e1/,Сборные,Европа,Хорватия ,Костюмы "
"https://glorygoal.ru/m/14e9c/,РЕТРО,Барселона"
"https://glorygoal.ru/m/18e6a/,Клубы,АПЛ ,Остальные клубы АПЛ,Лестер"
"https://glorygoal.ru/m/1409c/,Клубы,АПЛ ,Арсенал,Игровые футболки"
"https://glorygoal.ru/m/14e92/,РЕТРО,Манчестер Юнайтед"
"https://glorygoal.ru/m/2255e/,Клубы,Ла Лига ,Валенсия"
"https://glorygoal.ru/m/2e601/,Сборные,Европа,Ирландия ,Игровые футболки"
"https://glorygoal.ru/p/110ef4/,Клубы,Бундеслига ,Бавария"
"https://glorygoal.ru/m/142fe/,Клубы,Серия А ,Ювентус,Игровые футболки"
"https://glorygoal.ru/m/140f0/,Клубы,АПЛ ,Тоттенхэм,Поло"
"https://glorygoal.ru/m/14eac/,Клубы,Лига  ,ПСЖ,Ретро"
"https://glorygoal.ru/m/2e812/,Сборные,Азия ,Китай "
"https://glorygoal.ru/m/2602c/,Клубы,Остальные клубы,Португалия ,Бенфика,Костюмы"
"https://glorygoal.ru/m/2e7e8/,Сборные,Америка,Мексика "
"https://glorygoal.ru/m/14ab0/,Клубы,Серия А ,Наполи,Игровые футболки"
"https://glorygoal.ru/m/2da14/,Сборные,Европа,Испания ,Игровые футболки"
"https://glorygoal.ru/p/110ee6/,Клубы,АПЛ ,Тоттенхэм"
"https://glorygoal.ru/p/10edc8/,Сборные,Европа,Германия "
"https://glorygoal.ru/m/14302/,Клубы,Серия А ,Ювентус,Поло"
"https://glorygoal.ru/m/2e5ba/,Сборные,Европа,Португалия ,Ретро"
"https://glorygoal.ru/p/1be738/,Сборные,Европа,Швеция "
"https://glorygoal.ru/m/2da05/,Сборные,Европа,Германия ,Костюмы"
"https://glorygoal.ru/m/26028/,Клубы,Остальные клубы,Голландия , Фейеноорд,Костюмы"
"https://glorygoal.ru/m/141fc/,Клубы,Ла Лига ,Барселона,Костюмы"
"https://glorygoal.ru/m/13f80/,Клубы,АПЛ ,Ливерпуль,Костюмы"
"https://glorygoal.ru/m/1432c/,Клубы,Серия А ,Интер,Игровые футболки"
"https://glorygoal.ru/m/2e7eb/,Сборные,Америка,Перу "
"https://glorygoal.ru/m/14346/,Клубы,Бундеслига ,Боруссия Д,Костюмы"
"https://glorygoal.ru/m/294ac/,Клубы,Бундеслига ,Герта"
"https://glorygoal.ru/p/1be77a/,Сборные,Европа,Албания "
"https://glorygoal.ru/m/263b2/,Клубы,АПЛ ,Остальные клубы АПЛ,Эвертон"
"https://glorygoal.ru/p/137109/,Клубы,АПЛ ,Остальные клубы АПЛ"
"https://glorygoal.ru/m/1df17/,Клубы,АПЛ ,Остальные клубы АПЛ,Шеффилд"
"https://glorygoal.ru/m/14094/,Клубы,АПЛ ,Манчестер Сити,Поло"
"https://glorygoal.ru/m/1434a/,Клубы,Лига  ,ПСЖ,Игровые футболки"
"https://glorygoal.ru/p/11be08/,Клубы"
"https://glorygoal.ru/m/22564/,Клубы,Ла Лига ,Сельта"
"https://glorygoal.ru/m/a55b3/,Клубы,Лига  ,Лиль"
"https://glorygoal.ru/m/14334/,Клубы,Серия А ,Рома,Футболки"
"https://glorygoal.ru/p/10ee10/,Сборные,Европа,Италия "
"https://glorygoal.ru/m/140be/,Клубы,АПЛ ,Манчестер Юнайтед,Игровые футболки"
"https://glorygoal.ru/m/14348/,Клубы,Бундеслига ,Боруссия Д,Поло"
"https://glorygoal.ru/m/140d6/,Клубы,АПЛ ,Тоттенхэм,Игровые футболки"
"https://glorygoal.ru/p/1be73e/,Сборные,Европа,Швейцария "
"https://glorygoal.ru/p/110d9a/,Клубы,АПЛ ,Ливерпуль"
"https://glorygoal.ru/m/18fcd/,Клубы,АПЛ ,Остальные клубы АПЛ,Вулверхэмптон"
"https://glorygoal.ru/m/2da17/,Сборные,Европа,Испания ,Костюмы "
"https://glorygoal.ru/p/1be8b2/,Сборные,Европа,Хорватия "
"https://glorygoal.ru/m/1924b/,Клубы,Остальные клубы,МЛС , "
"https://glorygoal.ru/m/14ab2/,Клубы,Серия А ,Наполи,Костюмы"
"https://glorygoal.ru/m/14e94/,Клубы,Серия А ,Милан,Ретро"
"https://glorygoal.ru/m/19281/,Клубы,Остальные клубы,МЛС ,   "
"https://glorygoal.ru/m/2e058/,Сборные,Америка,Гондурас "
"https://glorygoal.ru/m/2e5b5/,Сборные,Европа,Португалия ,Игровые футболки"
"https://glorygoal.ru/m/2e7c1/,Сборные,Америка,Уругвай "
"https://glorygoal.ru/p/18f5b2/,Клубы,Остальные клубы,Португалия "
"https://glorygoal.ru/p/1be789/,Сборные,Азия "
"https://glorygoal.ru/m/14e96/,РЕТРО,Арсенал"
"https://glorygoal.ru/p/10ed20/,Клубы,Лига  ,Монако"
"https://glorygoal.ru/m/2da20/,Сборные,Европа,Бельгия ,Костюмы"
"https://glorygoal.ru/m/2da3d/,Сборные,Европа,Италия ,Игровые футболки"
"https://glorygoal.ru/m/18fcf/,Клубы,АПЛ ,Остальные клубы АПЛ,Кристал Пэлас"
"https://glorygoal.ru/m/14300/,Клубы,Серия А ,Ювентус,Костюмы"
"https://glorygoal.ru/m/140a8/,Клубы,АПЛ ,Челси,Поло"
"https://glorygoal.ru/p/1185da/,Клубы,Остальные клубы,МЛС "
"https://glorygoal.ru/p/1be771/,Сборные,Европа,Польша "
"https://glorygoal.ru/p/10ecac/,Клубы,АПЛ "
"https://glorygoal.ru/m/5785/,Сборные,Европа,Россия "
"https://glorygoal.ru/m/2e7e2/,Сборные,Америка,Колумбия "
"https://glorygoal.ru/m/2e094/,Сборные,Ближний Восток ,Катар "
"https://glorygoal.ru/m/14ea8/,Клубы,Серия А ,Ювентус,Ретро"
"https://glorygoal.ru/p/110ee2/,Клубы,АПЛ ,Манчестер Юнайтед"
"https://glorygoal.ru/m/141e2/,Клубы,Ла Лига ,Реал Мадрид,Поло"
"https://glorygoal.ru/m/14ac6/,Клубы,Лига  ,ПСЖ,Костюмы,Тренировочные костюмы"
"https://glorygoal.ru/p/1be786/,Сборные,Африка"
"https://glorygoal.ru/m/154de/,Клубы,Лига  ,Монако,Игровые футболки"
"https://glorygoal.ru/m/18fcb/,Клубы,АПЛ ,Остальные клубы АПЛ,Вест Хэм"
"https://glorygoal.ru/m/14338/,Клубы,Серия А ,Рома,Поло"
"https://glorygoal.ru/m/14e94/,РЕТРО,Милан"
"https://glorygoal.ru/p/111b02/,Клубы,Серия А ,Рома"
"https://glorygoal.ru/m/2da40/,Сборные,Европа,Италия ,Костюмы"
"https://glorygoal.ru/m/141e0/,Клубы,Ла Лига ,Реал Мадрид,Костюмы"
"https://glorygoal.ru/m/2e5fb/,Сборные,Европа,Польша ,Игровые футболки"
"https://glorygoal.ru/m/142fc/,Клубы,Ла Лига ,Атлетико Мадрид,Поло "
"https://glorygoal.ru/p/10ecb2/,Клубы,Бундеслига "
"https://glorygoal.ru/p/18f5c0/,Клубы,Остальные клубы,Португалия ,Бенфика"
"https://glorygoal.ru/p/1190c8/,РЕТРО"
"https://glorygoal.ru/p/10edd2/,Сборные,Америка,Аргентина "
"https://glorygoal.ru/m/1df19/,Клубы,АПЛ ,Остальные клубы АПЛ,Саутгемптон"
"https://glorygoal.ru/m/1924d/,Клубы,Остальные клубы,МЛС , "
"https://glorygoal.ru/m/14bf0/,Клубы,Остальные клубы,Турция "
"https://glorygoal.ru/m/1df0f/,Клубы,АПЛ ,Остальные клубы АПЛ,Ньюкасл "
"https://glorygoal.ru/m/14e9c/,Клубы,Ла Лига ,Барселона,Ретро"
"https://glorygoal.ru/m/2e5ec/,Сборные,Европа,Швеция ,Игровые футболки "
"https://glorygoal.ru/m/14e9a/,Сборные,Америка,Бразилия ,Ретро"
"https://glorygoal.ru/m/2e5fe/,Сборные,Европа,Австрия ,Игровые футболки"
"https://glorygoal.ru/m/14e9e/,РЕТРО,Сборные"
"https://glorygoal.ru/m/142f6/,Клубы,Ла Лига ,Атлетико Мадрид,Игровые футболки"
"https://glorygoal.ru/m/1433a/,Клубы,Бундеслига ,Бавария,Игровые футболки"
"https://glorygoal.ru/m/a643b/,Клубы,Ла Лига ,Депортиво"
"https://glorygoal.ru/m/2e07f/,Сборные,Африка,Египет "
"https://glorygoal.ru/m/2e5de/,Сборные,Европа,Хорватия ,Игровые футболки"
"https://glorygoal.ru/p/10ece0/,Клубы,Остальные клубы"
"https://glorygoal.ru/m/1433e/,Клубы,Бундеслига ,Бавария,Поло"
"https://glorygoal.ru/m/1409e/,Клубы,АПЛ ,Арсенал,Костюм"
"https://glorygoal.ru/p/111b00/,Клубы,Серия А ,Интер"
"https://glorygoal.ru/p/11752e/,Клубы,Лига  ,ПСЖ,Костюмы"
"https://glorygoal.ru/m/18e68/,Клубы,Остальные клубы,Голландия ,Аякс,Костюмы"
"https://glorygoal.ru/p/165a2f/,Клубы,РПЛ "
"https://glorygoal.ru/m/140ec/,Клубы,АПЛ ,Тоттенхэм,Костюмы"
"https://glorygoal.ru/m/14312/,Клубы,Серия А ,Милан,Костюмы"
"https://glorygoal.ru/m/154f4/,Клубы,Остальные клубы,Шотландия "
"https://glorygoal.ru/m/2da1d/,Сборные,Европа,Бельгия ,Игровые футболки "
"https://glorygoal.ru/p/111b04/,Клубы,Серия А ,Наполи"
"https://glorygoal.ru/m/2da34/,Сборные,Америка,Бразилия ,Костюмы"
"https://glorygoal.ru/m/18fd1/,Клубы,АПЛ ,Остальные клубы АПЛ,Сандерленд"
"https://glorygoal.ru/p/110eda/,Клубы,Серия А ,Ювентус"
"https://glorygoal.ru/m/263d8/,Клубы,Ла Лига ,Реал Сарагоса"
"https://glorygoal.ru/m/13f86/,Клубы,АПЛ ,Ливерпуль,Поло"
"https://glorygoal.ru/m/1432e/,Клубы,Серия А ,Интер,Костюмы"
"https://glorygoal.ru/p/1be92a/,Сборные,Ближний Восток "
"https://glorygoal.ru/p/10edcc/,Сборные,Америка,Бразилия "
"https://glorygoal.ru/m/d1741/,Клубы,АПЛ ,Остальные клубы АПЛ,Лидс "
"https://glorygoal.ru/p/110edc/,Клубы,АПЛ ,Арсенал"
"https://glorygoal.ru/m/22568/,Клубы,Ла Лига ,Атлетик Б"
"https://glorygoal.ru/m/14ac4/,Клубы,Лига  ,ПСЖ,Костюмы,Летние костюмы"
"https://glorygoal.ru/m/26020/,Клубы,Лига  ,Лион,Костюмы"
"https://glorygoal.ru/m/26384/,Клубы,Бундеслига ,Вердер"
"https://glorygoal.ru/p/110ef0/,Клубы,Лига  ,ПСЖ"
"https://glorygoal.ru/p/10edd0/,Сборные,Европа,Франция "
"https://glorygoal.ru/m/140a4/,Клубы,АПЛ ,Челси,Игровые футболки"
"https://glorygoal.ru/p/10edca/,Сборные,Европа,Испания "
"https://glorygoal.ru/m/14e98/,Клубы,АПЛ ,Челси,Ретро"
"https://glorygoal.ru/p/NaN/,Сборные,Европа,Англия , Наши отзывы и гарантии "
"https://glorygoal.ru/m/1434e/,Клубы,Лига  ,ПСЖ,Поло"
"https://glorygoal.ru/m/2da2f/,Сборные,Америка,Аргентина ,Костюмы"
"https://glorygoal.ru/p/18f598/,Клубы,Остальные клубы,Голландия , Фейеноорд"
"https://glorygoal.ru/m/2255c/,Клубы,Ла Лига ,Севилья,Футболки"
"https://glorygoal.ru/m/14310/,Клубы,Серия А ,Милан,Игровые футболки"
"https://glorygoal.ru/p/110efc/,Клубы,Ла Лига ,Реал Мадрид"
"https://glorygoal.ru/m/2603c/,Клубы,Остальные клубы,Португалия ,Порту,Костюмы "
"https://glorygoal.ru/m/263b6/,Клубы,Бундеслига ,Вольфсбург "
"https://glorygoal.ru/m/2e7e5/,Сборные,Америка,Эквадор "
"https://glorygoal.ru/m/a6426/,Клубы,Ла Лига ,Осасуна"
"https://glorygoal.ru/m/14336/,Клубы,Серия А ,Рома,Костюмы"
"https://glorygoal.ru/p/110eec/,Клубы,Серия А ,Милан"
"https://glorygoal.ru/p/NaN/,Сборные,Европа,Германия ,Наши отзывы и гарантии "
"https://glorygoal.ru/m/2e7c4/,Сборные,Америка,США "
"https://glorygoal.ru/m/2d9e0/,Сборные,Европа,Франция ,Костюмы "
"https://glorygoal.ru/m/2e809/,Сборные,Азия ,Япония "
