10000000000,,Клубы
10000000001,10000000000,АПЛ 
10000000002,10000000001,Арсенал
10000000003,10000000002,Игровые футболки
10000000004,10000000003,Резервная футболка Арсенал 20/21,2090,http://s.taplink.cc/p/8/a/d/8/12290225.jpg?0
10000000005,10000000003,Тренировочная футболка Арсенал 20/21,2090,http://s.taplink.cc/p/b/e/1/1/10229580.jpg?0
10000000006,10000000003,ГК Арсенал 20/21,2090,http://s.taplink.cc/p/5/d/6/6/10229319.jpg?0
10000000007,10000000003,Арсенал гостевая футболка 20/21,2090,http://s.taplink.cc/p/0/7/2/2/10229034.jpg?0
10000000008,10000000003,Арсенал домашняя футболка 20/21,2090,http://s.taplink.cc/p/d/d/2/a/10228770.jpg?0
10000000009,10000000003,Арсенал третья футболка,2090,http://s.taplink.cc/p/d/2/7/0/2866007.jpg?0
10000000010,10000000003,ГК Арсенал,2090,http://s.taplink.cc/p/1/c/0/5/2741605.jpg?0
10000000011,10000000003,Гостевая футболка Арсенала,2090,http://s.taplink.cc/p/7/d/3/9/2741551.jpg?0
10000000012,10000000003,Домашняя футболка Арсенала,2090,http://s.taplink.cc/p/7/3/3/8/2499261.jpg?0
10000000013,10000000003,Домашняя футболка Арсенала.,2090,http://s.taplink.cc/p/1/a/1/6/696379.jpg?0
10000000014,10000000003,Костюм
10000000015,10000000004,Повседневный костюм Арсенала 20/21,4790,http://s.taplink.cc/p/4/1/f/a/10260816.jpg?0
10000000016,10000000004,Повседневный темно-синий костюм Арсенал 20/21,4790,http://s.taplink.cc/p/e/5/4/e/10260555.jpg?0
10000000017,10000000004,Летний повседневный Арсенал 20/21,3590,http://s.taplink.cc/p/d/8/2/5/10260444.jpg?0
10000000018,10000000004,Темно-синий костюм Арсенал 20/21,3590,http://s.taplink.cc/p/9/0/e/0/10259937.jpg?0
10000000019,10000000004,Темно-синий летний костюм Арсенал 20/21,3590,http://s.taplink.cc/p/a/a/d/6/10259631.jpg?0
10000000020,10000000004,Тренировочный летний костюм Арсенал 20/21,3590,http://s.taplink.cc/p/8/f/8/0/10259556.jpg?0
10000000021,10000000004,Темно-синий повседневный костюм Арсенал 20/21,4290,http://s.taplink.cc/p/2/0/a/5/10259433.jpg?0
10000000022,10000000004,Арсенал тренировочный костюм 20/21,4290,http://s.taplink.cc/p/b/2/c/6/10259394.jpg?0
10000000023,10000000004,'Повседневный костюм осень-весна ''Арсенал''',5390,http://s.taplink.cc/p/1/1/0/e/5711254.jpg?0
10000000024,10000000004,Тренировочный комплект Арсенала,4290,http://s.taplink.cc/p/f/3/3/8/3533910.jpg?0
10000000025,10000000004,Повседневный костюм Арсенала с капюшоном,4790,http://s.taplink.cc/p/0/0/d/b/3222216.jpg?0
10000000026,10000000004,Красный тренировочный костюм Арсенала,4290,http://s.taplink.cc/p/6/9/9/d/3222214.jpg?0
10000000027,10000000004,Поло
10000000028,10000000005,Поло Арсенала 19/20,2090,http://s.taplink.cc/p/a/2/8/9/2740509.jpg?0
10000000029,10000000005,Поло Арсенал красное 19/20,2090,http://s.taplink.cc/p/a/0/f/8/2740469.jpg?0
10000000030,10000000005,Поло Арсенала красное.,2090,http://s.taplink.cc/p/f/4/a/3/2491427.jpg?0
10000000031,10000000005,Арсенал поло синие,2090,http://s.taplink.cc/p/b/2/b/4/2061356.jpg?0
10000000032,10000000005,Поло Арсенал,2090,http://s.taplink.cc/p/4/f/c/7/2061354.jpg?0
10000000033,10000000005,Ретро
10000000034,10000000006,Арсенал ретро 88/89,2590,http://s.taplink.cc/p/5/3/f/5/10264071.jpg?0
10000000035,10000000006,Арсенал ретро 02/04,2590,http://s.taplink.cc/p/1/1/2/6/10263762.jpg?0
10000000036,10000000006,Ретро 99/00,2590,http://s.taplink.cc/p/8/2/3/9/10263609.jpg?0
10000000037,10000000006,Арсенал ретро 92/93,2590,http://s.taplink.cc/p/4/2/4/1/10263552.jpg?0
10000000038,10000000006,Ретро Арсенал 88/98,2590,http://s.taplink.cc/p/a/8/e/1/10262862.jpg?0
10000000039,10000000006,Арсенал ретро 91/93,2590,http://s.taplink.cc/p/a/2/3/3/10262685.jpg?0
10000000040,10000000006,Арсенал Ретро 07-08 домашняя,2590,http://s.taplink.cc/p/1/e/a/7/3309598.jpg?0
10000000041,10000000006,Арсенал ретро 05-06,2590,http://s.taplink.cc/p/c/d/a/c/2118976.jpg?0
10000000042,10000000006,Арсенал ретро 98-99,2590,http://s.taplink.cc/p/c/e/e/7/2118862.jpg?0
10000000043,10000000006,Арсенал ретро 07-08,2590,http://s.taplink.cc/p/4/b/e/b/2118812.jpg?0
10000000044,10000000006,Ретро Арсенал 97-98,2590,http://s.taplink.cc/p/b/5/8/f/2118716.jpg?0
10000000045,10000000006,Арсенал ретро 94-95,2590,http://s.taplink.cc/p/0/2/2/9/2118700.jpg?0
10000000046,10000000006,Ливерпуль
10000000047,10000000007,Игровые футболки
10000000048,10000000008,Тренировочная футболка Ливерпуль 20/21.,2090,http://s.taplink.cc/p/5/7/7/c/12291692.jpg?0
10000000049,10000000008,Черно-красная тренировочная футболка Ливерпуль 20/21,2090,http://s.taplink.cc/p/f/5/c/f/12289976.jpg?0
10000000050,10000000008,Серо-красная тренировочная футболки Ливерпуль,2090,http://s.taplink.cc/p/1/f/c/e/12289868.jpg?0
10000000051,10000000008,Серая тренировочная футболка Ливерпуль 20/21,2090,http://s.taplink.cc/p/0/a/6/d/12288971.jpg?0
10000000052,10000000008,Гостевая футболка Ливерпуль 20/21,2090,http://s.taplink.cc/p/9/e/b/d/10229136.jpg?0
10000000053,10000000008,Тренировочная футболка Ливерпуль 20/21,2090,http://s.taplink.cc/p/c/c/1/1/10228836.jpg?0
10000000054,10000000008,ГК Ливерпуль 20/21,2090,http://s.taplink.cc/p/4/e/a/0/10228812.jpg?0
10000000055,10000000008,Домашняя футболка Ливерпуля 20/21,2090,http://s.taplink.cc/p/e/b/d/b/10228488.jpg?0
10000000056,10000000008,Ливерпуль тренировочная 20/21,2090,http://s.taplink.cc/p/0/7/5/e/10224642.jpg?0
10000000057,10000000008,Ливерпуль ГК 20/21,2090,http://s.taplink.cc/p/5/8/4/a/10224591.jpg?0
10000000058,10000000008,Коллекционная футболка Ливерпуля,2150,http://s.taplink.cc/p/6/2/d/c/3311060.jpg?0
10000000059,10000000008,ГК Ливерпуль,2090,http://s.taplink.cc/p/8/1/b/a/2499305.jpg?0
10000000060,10000000008,Костюмы
10000000061,10000000009,Красно-белый костюм Ливерпуль 20/21,4790,http://s.taplink.cc/p/8/4/4/2/10261157.jpg?0
10000000062,10000000009,Повседневный костюм Ливерпуль 20/21,4790,http://s.taplink.cc/p/a/8/5/7/10261145.jpg?0
10000000063,10000000009,Ливерпуль повседневный костюм 20/21,4790,http://s.taplink.cc/p/0/e/4/c/10260624.jpg?0
10000000064,10000000009,'Костюм ''Ливерпуль'' осень-весна',5390,http://s.taplink.cc/p/9/f/b/6/5711791.jpg?0
10000000065,10000000009,Утепленный костюм Ливерпуля  красный,5290,http://s.taplink.cc/p/9/5/6/b/3492164.jpg?1
10000000066,10000000009,Утепленный костюм Ливерпуля,5190,http://s.taplink.cc/p/4/5/4/3/3492122.jpg?1
10000000067,10000000009,Повседневный костюм Ливерпуля с капюшоном,4790,http://s.taplink.cc/p/5/e/c/3/3241958.jpg?0
10000000068,10000000009,Черный тренировочный костюм Ливерпуля,4290,http://s.taplink.cc/p/0/6/3/7/3241908.jpg?0
10000000069,10000000009,Белый костюм Ливерпуля,3390,http://s.taplink.cc/p/2/2/2/7/3241898.jpg?0
10000000070,10000000009,Серый повседневный костюм Ливерпуля.,3590,http://s.taplink.cc/p/5/1/b/9/3241888.jpg?0
10000000071,10000000009,Лeтний повседневный костюм Ливерпуля,3590,http://s.taplink.cc/p/9/f/0/d/3241882.jpg?0
10000000072,10000000009,Летний повседневный костюм Ливeрпуля,3590,http://s.taplink.cc/p/1/e/5/3/3241860.jpg?0
10000000073,10000000009,Поло
10000000074,10000000010,Серое поло Ливерпуль 20/21,2090,http://s.taplink.cc/p/e/4/9/5/12289142.jpg?0
10000000075,10000000010,Поло Ливерпуль красное,2090,http://s.taplink.cc/p/9/1/b/a/2054142.jpg?0
10000000076,10000000010,Поло Ливерпуль серое,2090,http://s.taplink.cc/p/2/c/9/4/2054060.jpg?0
10000000077,10000000010,Поло Ливерпуль белое,2090,http://s.taplink.cc/p/2/c/0/0/2054050.jpg?0
10000000078,10000000010,Ретро
10000000079,10000000011,Ливерпуль ретро 04/05,2590,http://s.taplink.cc/p/d/7/6/7/10264556.jpg?0
10000000080,10000000011,Ливeрпуль ретро 96/97,2590,http://s.taplink.cc/p/4/e/1/6/10264475.jpg?0
10000000081,10000000011,Ливерпуль ретро 96/97.,2590,http://s.taplink.cc/p/b/6/3/2/10264436.jpg?0
10000000082,10000000011,Ливерпуль ретро 94/96,2590,http://s.taplink.cc/p/c/a/0/1/10264271.jpg?0
10000000083,10000000011,Ливерпуль ретро 00/01,2590,http://s.taplink.cc/p/f/0/3/b/10264050.jpg?0
10000000084,10000000011,Ливерпуль ретро 06/07,2590,http://s.taplink.cc/p/c/c/0/2/10264020.jpg?0
10000000085,10000000011,Ливерпуль ретро 95/96,2590,http://s.taplink.cc/p/7/2/3/7/10263846.jpg?0
10000000086,10000000011,Ливерпуль ретро 84,2590,http://s.taplink.cc/p/3/8/e/4/10263162.jpg?0
10000000087,10000000011,Ливерпуль ретро 17/18,2590,http://s.taplink.cc/p/e/f/c/6/10262985.jpg?0
10000000088,10000000011,Ретро Ливерпуль 84,2590,http://s.taplink.cc/p/5/c/d/a/10262820.jpg?0
10000000089,10000000011,Ливерпуль ретро 96/97,2590,http://s.taplink.cc/p/8/c/7/b/10262400.jpg?0
10000000090,10000000011,Ретро Ливерпуль 09-10 гостевая,2590,http://s.taplink.cc/p/3/8/4/a/3309586.jpg?0
10000000091,10000000011,Манчестер Сити
10000000092,10000000012,Игровые футболки
10000000093,10000000013,Гостевая футболка Манчестер Сити 20/21,2090,http://s.taplink.cc/p/b/e/9/1/10228689.jpg?0
10000000094,10000000013,Манчестер сити домашняя футболка 20/21,2090,http://s.taplink.cc/p/b/1/7/3/10228365.jpg?0
10000000095,10000000013,Манчестер Сити резервная футболка 20/21,2090,http://s.taplink.cc/p/c/7/e/e/10228281.jpg?0
10000000096,10000000013,ГК Ман. Сити,2090,http://s.taplink.cc/p/8/9/7/b/2866075.jpg?0
10000000097,10000000013,МС резервная футболка,2090,http://s.taplink.cc/p/7/3/9/f/2866061.jpg?0
10000000098,10000000013,Коллекционная футболка МС,2150,http://s.taplink.cc/p/1/0/1/1/2866021.jpg?0
10000000099,10000000013,Гостевая футболка Манчестер Сити,2090,http://s.taplink.cc/p/1/e/c/d/2405907.jpg?0
10000000100,10000000013,Домашняя футболка Манчестер Сити,2090,http://s.taplink.cc/p/f/c/0/6/2405881.jpg?0
10000000101,10000000013,Коллекционная футболка Манчестер Сити,2150,http://s.taplink.cc/p/6/8/9/5/2118586.jpg?0
10000000102,10000000013,Резервная футболка МС.,2090,http://s.taplink.cc/p/6/2/8/6/695047.jpg?0
10000000103,10000000013,Домашняя футболка МС,2090,http://s.taplink.cc/p/c/2/f/7/695092.jpg?0
10000000104,10000000013,Костюмы
10000000105,10000000014,Пoвседневный костюм Манчестер Сити 20/21,4790,http://s.taplink.cc/p/3/c/e/2/10260789.jpg?0
10000000106,10000000014,Черный повседневный костюм Манчестер Сити 20/21,4790,http://s.taplink.cc/p/1/2/3/5/10260033.jpg?0
10000000107,10000000014,Повседневный костюм Манчестер Сити 20/21,4790,http://s.taplink.cc/p/1/1/4/6/10259376.jpg?0
10000000108,10000000014,'Летний бордовый костюм ''МС''',3590,http://s.taplink.cc/p/6/1/6/5/6989446.jpg?0
10000000109,10000000014,'Повседневный голубой костюм ''МС''',3590,http://s.taplink.cc/p/b/8/4/a/6987934.jpg?0
10000000110,10000000014,'Поло ''МС'' голубое',2090,http://s.taplink.cc/p/e/6/8/8/6987142.jpg?0
10000000111,10000000014,'Тренировочный костюм ''МС''',4290,http://s.taplink.cc/p/f/a/3/4/6982802.jpg?0
10000000112,10000000014,повседневный костюм Сити с капюшоном,4790,http://s.taplink.cc/p/5/5/6/9/3533722.jpg?0
10000000113,10000000014,Тренировочный салатовый костюм Сити,4290,http://s.taplink.cc/p/f/c/5/4/3533702.jpg?0
10000000114,10000000014,Повседневный костюм с капюшоном Сити,4590,http://s.taplink.cc/p/7/5/f/7/3533692.jpg?0
10000000115,10000000014,Фиолетовый тренировочный костюм МС,4290,http://s.taplink.cc/p/9/1/1/d/3533660.jpg?0
10000000116,10000000014,Черный повседневный костюм МС,3590,http://s.taplink.cc/p/3/7/f/d/3492094.jpg?1
10000000117,10000000014,Поло
10000000118,10000000015,'''МС'' поло бордовое',2090,http://s.taplink.cc/p/b/d/0/2/6989575.jpg?0
10000000119,10000000015,'Поло ''МС''',2090,http://s.taplink.cc/p/e/f/2/b/5712646.jpg?0
10000000120,10000000015,Поло Манчестер Сити синие,2090,http://s.taplink.cc/p/7/3/8/6/2061218.jpg?0
10000000121,10000000015,Поло Манчестер Сити,2090,http://s.taplink.cc/p/8/c/d/f/2061210.jpg?0
10000000122,10000000015,Поло Манчестер Сити Голубое,2090,http://s.taplink.cc/p/c/0/1/b/2061208.jpg?0
10000000123,10000000015,Манчестер Юнайтед
10000000124,10000000016,Игровые футболки
10000000125,10000000017,Тренировочная футболка МЮ 20/21,2090,http://s.taplink.cc/p/4/c/4/e/10228995.jpg?0
10000000126,10000000017,МЮ домашняя футболка 20/21,2090,http://s.taplink.cc/p/3/c/6/4/10228938.jpg?0
10000000127,10000000017,Гостевая форма Манчестер Юнайтед 20/21,2090,http://s.taplink.cc/p/f/1/e/7/10228572.jpg?0
10000000128,10000000017,ГК МЮ,2090,http://s.taplink.cc/p/2/6/5/1/2741659.jpg?0
10000000129,10000000017,Гостевая футболка МЮ.,2090,http://s.taplink.cc/p/3/4/b/7/2741585.jpg?0
10000000130,10000000017,МЮ домашняя футболка,2090,http://s.taplink.cc/p/7/6/4/c/2118606.jpg?0
10000000131,10000000017,Тренировочная футболка МЮ черно-красная,2090,http://s.taplink.cc/p/9/b/0/6/2061650.jpg?0
10000000132,10000000017,Тренировочная футболка МЮ темно-красная,2090,http://s.taplink.cc/p/7/8/6/7/2061648.jpg?0
10000000133,10000000017,Тренировочная футболка Манчестер Юнайтед,2090,http://s.taplink.cc/p/8/1/5/7/2061632.jpg?0
10000000134,10000000017,Вратарская форма МЮ,2090,http://s.taplink.cc/p/4/b/b/0/701917.jpg?0
10000000135,10000000017,Домашняя футболка МЮ,2090,http://s.taplink.cc/p/7/5/5/7/701947.jpg?0
10000000136,10000000017,Резервная футболка МЮ,2090,http://s.taplink.cc/p/b/9/7/5/701992.jpg?0
10000000137,10000000017,Костюмы
10000000138,10000000018,Оранжевый повседневный костюм МЮ 20/21,4790,http://s.taplink.cc/p/6/5/5/4/10260600.jpg?0
10000000139,10000000018,Темно-серый летний костюм МЮ 20/21,3590,http://s.taplink.cc/p/6/3/7/c/10260222.jpg?0
10000000140,10000000018,Бело-черный повседневный костюм МЮ 20/21,4790,http://s.taplink.cc/p/1/9/b/a/10259949.jpg?0
10000000141,10000000018,Оранжевый летний костюм МЮ 20/21,3590,http://s.taplink.cc/p/0/c/4/2/10259886.jpg?0
10000000142,10000000018,Оранжевый костюм МЮ 20/21,4290,http://s.taplink.cc/p/9/3/f/f/10259499.jpg?0
10000000143,10000000018,Зеленый тренировочный костюм МЮ 20/21,4290,http://s.taplink.cc/p/c/7/0/4/10259475.jpg?0
10000000144,10000000018,Белый летний повседневный костюм МЮ,3590,http://s.taplink.cc/p/a/1/f/b/3492048.jpg?1
10000000145,10000000018,Красный повседневный костюм МЮ.,3590,http://s.taplink.cc/p/5/5/7/1/3241852.jpg?0
10000000146,10000000018,Повседневный костюм MЮ красный.,4590,http://s.taplink.cc/p/9/1/1/9/3222444.jpg?0
10000000147,10000000018,Кoстюм осень-весна МЮ,5290,http://s.taplink.cc/p/9/b/8/b/3221812.jpg?0
10000000148,10000000018,Костюм осень-весна МЮ.,5290,http://s.taplink.cc/p/4/c/9/7/3221810.jpg?0
10000000149,10000000018,Пoвседневный костюм МЮ,4790,http://s.taplink.cc/p/4/7/7/f/3221772.jpg?0
10000000150,10000000018,Поло
10000000151,10000000019,Поло МЮ 19/20 черное,2090,http://s.taplink.cc/p/1/9/6/6/2741029.jpg?0
10000000152,10000000019,Поло МЮ 19/20.,2090,http://s.taplink.cc/p/2/c/9/3/2740973.jpg?0
10000000153,10000000019,Поло МЮ красное,2090,http://s.taplink.cc/p/4/f/2/e/2061666.jpg?0
10000000154,10000000019,Поло МЮ 19/20,2090,http://s.taplink.cc/p/9/0/8/d/2061664.jpg?0
10000000155,10000000019,Розовое поло МЮ,2090,http://s.taplink.cc/p/8/4/c/3/2061654.jpg?0
10000000156,10000000019,Поло МЮ черное,2090,http://s.taplink.cc/p/8/6/9/a/2061630.jpg?0
10000000157,10000000019,Поло МЮ,2090,http://s.taplink.cc/p/8/4/d/9/2061618.jpg?0
10000000158,10000000019,Ретро
10000000159,10000000020,МЮ ретро 85,2590,http://s.taplink.cc/p/d/5/6/1/10264214.jpg?0
10000000160,10000000020,МЮ ретро 10/11,2590,http://s.taplink.cc/p/6/6/6/7/10264044.jpg?0
10000000161,10000000020,МЮ ретро 91,2590,http://s.taplink.cc/p/5/0/8/7/10263963.jpg?0
10000000162,10000000020,МЮ ретро 88/90,2590,http://s.taplink.cc/p/4/5/d/4/10263822.jpg?0
10000000163,10000000020,МЮ ретро 12/13,2590,http://s.taplink.cc/p/c/7/5/7/10263714.jpg?0
10000000164,10000000020,МЮ ретро 07/08,2590,http://s.taplink.cc/p/8/5/a/a/10263483.jpg?0
10000000165,10000000020,МЮ ретро 95/96,2590,http://s.taplink.cc/p/2/a/2/b/10263399.jpg?0
10000000166,10000000020,MЮ ретро 94/96,2590,http://s.taplink.cc/p/7/a/9/8/10263261.jpg?0
10000000167,10000000020,МЮ ретро 86/88.,2590,http://s.taplink.cc/p/4/6/d/3/10263222.jpg?0
10000000168,10000000020,МЮ 90/91 ретро,2590,http://s.taplink.cc/p/1/7/a/8/10263078.jpg?0
10000000169,10000000020,МЮ ретро 86/88,2590,http://s.taplink.cc/p/e/0/c/3/10263015.jpg?0
10000000170,10000000020,МЮ ретро 93/95,2590,http://s.taplink.cc/p/f/e/4/a/10262949.jpg?0
10000000171,10000000020,Остальные клубы АПЛ
10000000172,10000000021,Вест Хэм
10000000173,10000000022,Вест Хэм гостевая футболка 20/21,2090,http://s.taplink.cc/p/2/0/a/8/12290405.jpg?0
10000000174,10000000022,Вест Хэм домашняя футболка 20/21,2090,http://s.taplink.cc/p/4/d/9/a/10224519.jpg?0
10000000175,10000000022,Домашняя футболка Вест Хэма,2090,http://s.taplink.cc/p/3/8/7/7/3311478.jpg?0
10000000176,10000000022,Резервная футболка Вест Хэм,2090,http://s.taplink.cc/p/d/a/4/f/3311306.jpg?0
10000000177,10000000022,Гостевая футболка Вест Хэма,2090,http://s.taplink.cc/p/c/9/8/7/2390599.jpg?0
10000000178,10000000022,Вулверхэмптон
10000000179,10000000023,Гостевая футболка Вулверхэмптон 20/21,2090,http://s.taplink.cc/p/7/a/8/c/12291179.jpg?0
10000000180,10000000023,Домашняя футболка Вулверхэмптон 20/21,2090,http://s.taplink.cc/p/5/3/e/0/10228644.jpg?0
10000000181,10000000023,Вулверхэмптон третья футболка,2090,http://s.taplink.cc/p/d/8/8/3/3311218.jpg?0
10000000182,10000000023,Вулверхэмптон гостевая футболка,2090,http://s.taplink.cc/p/4/3/8/a/2390629.jpg?0
10000000183,10000000023,Вулверхэмптон домашняя футболка,2090,http://s.taplink.cc/p/8/3/4/3/2390627.jpg?0
10000000184,10000000023,Кристал Пэлас
10000000185,10000000024,Домашняя футболка Кристал Пэлас 20/21,2090,http://s.taplink.cc/p/b/4/e/6/12290447.jpg?0
10000000186,10000000024,Гостевая футболка Кристал Пэлас 20/21,2090,http://s.taplink.cc/p/7/b/e/2/12290129.jpg?0
10000000187,10000000024,Резервная футболка Кристал Пэлас 20/21,2090,http://s.taplink.cc/p/9/a/d/e/12289298.jpg?0
10000000188,10000000024,Гостевая футболка Кристал Пэлас,2090,http://s.taplink.cc/p/1/9/3/7/3311272.jpg?0
10000000189,10000000024,Домашняя футболка Кристал Пэлас,2090,http://s.taplink.cc/p/6/e/2/6/2390687.jpg?0
10000000190,10000000024,Лестер
10000000191,10000000025,Гостевая футболка Лестер 20/21,2090,http://s.taplink.cc/p/a/a/a/2/12291671.jpg?0
10000000192,10000000025,Домашняя футболка Лестер 20/21,2090,http://s.taplink.cc/p/d/3/7/c/10228401.jpg?0
10000000193,10000000025,Лестер гостевая футболка,2090,http://s.taplink.cc/p/b/a/8/e/2390611.jpg?0
10000000194,10000000025,Домашняя футболка Лестер,2090,http://s.taplink.cc/p/e/d/5/f/2383310.jpg?0
10000000195,10000000025,Лидс 
10000000196,10000000026,Гостевая футболка Лидс 20/21,2090,http://s.taplink.cc/p/8/3/4/e/12290174.jpg?0
10000000197,10000000026,Ноттингем форест
10000000198,10000000027,Ноттингем форест домашняя футболка,2090,http://s.taplink.cc/p/b/9/b/5/3534408.jpg?0
10000000199,10000000027,Ньюкасл 
10000000200,10000000028,Ньюкасл домашняя футболка 20/21,2090,http://s.taplink.cc/p/d/0/6/d/10228875.jpg?0
10000000201,10000000028,Ньюкасл домашняя футболка,2090,http://s.taplink.cc/p/8/a/7/f/2741545.jpg?0
10000000202,10000000028,Ньюкасл гостевая футболка,2090,http://s.taplink.cc/p/4/c/e/5/2741527.jpg?0
10000000203,10000000028,Сандерленд
10000000204,10000000029,Сандерленд домашняя футболка,2090,http://s.taplink.cc/p/b/b/f/a/2390603.jpg?0
10000000205,10000000029,Саутгемптон
10000000206,10000000030,Саутгемптон домашняя футболка,2090,http://s.taplink.cc/p/e/9/e/c/2741649.jpg?0
10000000207,10000000030,Саутгемптон гостевая футболка,2090,http://s.taplink.cc/p/5/7/a/3/2741635.jpg?0
10000000208,10000000030,Шеффилд
10000000209,10000000031,Шеффилд гостевая футболка,2090,http://s.taplink.cc/p/9/1/8/4/3311188.jpg?0
10000000210,10000000031,Шеффилд,2090,http://s.taplink.cc/p/d/6/8/7/2741627.jpg?0
10000000211,10000000031,Эвертон
10000000212,10000000032,Гостевая футболка Эвертон,2090,http://s.taplink.cc/p/3/0/a/5/12288935.jpg?0
10000000213,10000000032,Эвертон третья футболка,2090,http://s.taplink.cc/p/b/a/3/4/3311128.jpg?0
10000000214,10000000032,Тоттенхэм
10000000215,10000000033,Игровые футболки
10000000216,10000000034,Тоттенхэм домашняя футболка 20/21,2090,http://s.taplink.cc/p/b/5/2/1/10229502.jpg?0
10000000217,10000000034,Ливерпуль резервная футболка 20/21,2090,http://s.taplink.cc/p/d/f/6/d/10228077.jpg?0
10000000218,10000000034,ГК Тоттенхэм,2090,http://s.taplink.cc/p/e/e/0/6/3534184.jpg?0
10000000219,10000000034,Третья футболка Тоттенхэм,2090,http://s.taplink.cc/p/d/8/8/9/3311172.jpg?0
10000000220,10000000034,Тоттенхэм гостевая футболка,2090,http://s.taplink.cc/p/f/9/a/9/2866067.jpg?0
10000000221,10000000034,Домашняя футболка Тоттенхэм,2090,http://s.taplink.cc/p/8/b/f/2/2741569.jpg?0
10000000222,10000000034,Гостевая футболка Тоттенхэм.,2090,http://s.taplink.cc/p/a/b/9/6/771889.jpg?0
10000000223,10000000034,Резервная футболка Тоттенхэм.,2090,http://s.taplink.cc/p/f/1/e/1/772084.jpg?0
10000000224,10000000034,Костюмы
10000000225,10000000035,Тренирoвочный костюм Тоттенхэм 20/21,4290,http://s.taplink.cc/p/2/0/d/7/10260822.jpg?0
10000000226,10000000035,Пoвседневный кoстюм Тоттенхэм 20/21,3590,http://s.taplink.cc/p/b/2/3/7/10260663.jpg?0
10000000227,10000000035,Тренировочный костюм Тоттенхэм 20/21,4290,http://s.taplink.cc/p/8/4/9/5/10260399.jpg?0
10000000228,10000000035,Повседневный летний костюм Тоттенхэм 20/21,3590,http://s.taplink.cc/p/c/9/5/4/10260318.jpg?0
10000000229,10000000035,Повседневный кoстюм Тоттенхэм 20/21,4790,http://s.taplink.cc/p/9/3/8/7/10260297.jpg?0
10000000230,10000000035,Повседневный костюм Тоттенхэм 20/21,4790,http://s.taplink.cc/p/1/2/2/c/10260123.jpg?0
10000000231,10000000035,'Повседневный костюм ''Тоттенхэм''',3590,http://s.taplink.cc/p/4/8/d/5/6982631.jpg?0
10000000232,10000000035,'Костюм Осень-Весна ''Тоттенхэм''',5390,http://s.taplink.cc/p/8/c/8/9/5709305.jpg?0
10000000233,10000000035,'Повседневный серый костюм ''Тоттенхэм''',4790,http://s.taplink.cc/p/3/5/a/7/5709269.jpg?0
10000000234,10000000035,'Костюм весна-осень ''Тоттенхэм''',5390,http://s.taplink.cc/p/6/b/c/a/5709260.jpg?0
10000000235,10000000035,'Летний повседневный костюм ''Тоттенхэм''',3590,http://s.taplink.cc/p/4/7/1/1/5709197.jpg?0
10000000236,10000000035,Тренировочный костюм Тоттeнхэм,4290,http://s.taplink.cc/p/f/5/0/d/3533834.jpg?0
10000000237,10000000035,Поло
10000000238,10000000036,'Поло ''Тоттенхэм'' серое',2090,http://s.taplink.cc/p/1/8/7/4/5709407.jpg?0
10000000239,10000000036,'Поло ''Тоттенхэм'' фиолетовое',2090,http://s.taplink.cc/p/5/b/7/6/5709383.jpg?0
10000000240,10000000036,'Поло ''Тоттенхэм''',2090,http://s.taplink.cc/p/6/b/b/7/5709359.jpg?0
10000000241,10000000036,Поло Тоттенхэм белое,2090,http://s.taplink.cc/p/5/2/4/a/2061802.jpg?0
10000000242,10000000036,Поло Тоттенхэм,2090,http://s.taplink.cc/p/0/7/9/2/2061794.jpg?0
10000000243,10000000036,Челси
10000000244,10000000037,Игровые футболки
10000000245,10000000038,Резервная футболка Челси 20/21,2090,http://s.taplink.cc/p/c/c/7/1/12290651.jpg?0
10000000246,10000000038,Тренировочный комплект Челси 20/21,2090,http://s.taplink.cc/p/2/1/5/6/12290489.jpg?0
10000000247,10000000038,Гостевая футболка Челси 20/21,2090,http://s.taplink.cc/p/f/6/a/3/10228326.jpg?0
10000000248,10000000038,Челси домашняя футболка 20/21,2090,http://s.taplink.cc/p/f/d/6/7/10228203.jpg?0
10000000249,10000000038,ГК Челси,2090,http://s.taplink.cc/p/e/4/f/f/3534152.jpg?0
10000000250,10000000038,Челси третья футболка,2090,http://s.taplink.cc/p/e/6/c/4/3311380.jpg?0
10000000251,10000000038,Челси гостевая футболка,2090,http://s.taplink.cc/p/b/c/1/2/2741499.jpg?0
10000000252,10000000038,Дoмашняя футболка Челси,2090,http://s.taplink.cc/p/1/1/9/1/2118566.jpg?0
10000000253,10000000038,Домашняя футболка Челси,2090,http://s.taplink.cc/p/4/f/8/f/696178.jpg?0
10000000254,10000000038,Костюмы
10000000255,10000000039,'Повседневный костюм ''Челси'' черно-оранжевый',3590,http://s.taplink.cc/p/3/6/4/3/6988159.jpg?0
10000000256,10000000039,Пoвседневный костюм Челси 20/21,4790,http://s.taplink.cc/p/9/d/d/2/10261106.jpg?0
10000000257,10000000039,Тренирoвочный костюм Челси 20/21,3590,http://s.taplink.cc/p/8/7/3/8/10260525.jpg?0
10000000258,10000000039,Синий повседневный костюм Челси 20/21,4790,http://s.taplink.cc/p/0/9/7/0/10260279.jpg?0
10000000259,10000000039,Синий летний тренировочный костюм Челси 20/21,3590,http://s.taplink.cc/p/4/9/2/2/10260249.jpg?0
10000000260,10000000039,Повседневный костюм Челси серый 20/21,4790,http://s.taplink.cc/p/9/0/0/9/10259742.jpg?0
10000000261,10000000039,Челси повседневный летний костюм 20/21,3590,http://s.taplink.cc/p/5/1/7/4/10259700.jpg?0
10000000262,10000000039,Челси тренировочный костюм 20/21,4290,http://s.taplink.cc/p/6/8/a/b/10259616.jpg?0
10000000263,10000000039,Тренировочный костюм Челси 20/21,4290,http://s.taplink.cc/p/2/1/8/4/10259538.jpg?0
10000000264,10000000039,'Бело-синий летний костюм ''Челси''',3590,http://s.taplink.cc/p/1/5/7/9/6984005.jpg?0
10000000265,10000000039,'''Челси'' темно-синий летний костюм',3590,http://s.taplink.cc/p/0/d/b/a/6983855.jpg?0
10000000266,10000000039,'''Челси'' летний костюм',3590,http://s.taplink.cc/p/1/e/4/f/6983522.jpg?0
10000000267,10000000039,Поло
10000000268,10000000040,'Черно-оранжеовое поло ''Челси''',2090,http://s.taplink.cc/p/d/a/a/c/6988642.jpg?0
10000000269,10000000040,'Поло темно-синие ''Челси''',2090,http://s.taplink.cc/p/7/d/e/d/6984053.jpg?0
10000000270,10000000040,'''Челси'' бело-синие поло',2090,http://s.taplink.cc/p/b/9/6/1/6983819.jpg?0
10000000271,10000000040,'Поло ''Челси''.',2090,http://s.taplink.cc/p/e/b/3/6/6983393.jpg?0
10000000272,10000000040,'Поло ''Челси''',2090,http://s.taplink.cc/p/d/c/f/6/5709734.jpg?0
10000000273,10000000040,'Поло ''Челси'' синие',2090,http://s.taplink.cc/p/1/2/0/f/5709665.jpg?0
10000000274,10000000040,Поло Челси сине-белое,2090,http://s.taplink.cc/p/7/f/a/2/2061480.jpg?0
10000000275,10000000040,Поло Челси белое,2090,http://s.taplink.cc/p/6/9/d/2/2061462.jpg?0
10000000276,10000000040,Поло Челси,2090,http://s.taplink.cc/p/9/0/4/e/2061434.jpg?0
10000000277,10000000040,Ретро
10000000278,10000000041,Челси ретро 2012,2590,http://s.taplink.cc/p/9/6/d/7/10263930.jpg?0
10000000279,10000000041,Ретро Челси,2590,http://s.taplink.cc/p/c/7/d/1/2118620.jpg?0
10000000280,10000000041,Бундеслига 
10000000281,10000000042,Бавария
10000000282,10000000043,Игровые футболки
10000000283,10000000044,Гостевая футболка Баварии 20/21,2090,http://s.taplink.cc/p/d/e/4/a/10145542.jpg?0
10000000284,10000000044,Домашняя футболка Баварии 20/21,2090,http://s.taplink.cc/p/b/2/e/6/10145501.jpg?0
10000000285,10000000044,Бавария третья футболка,2090,http://s.taplink.cc/p/c/f/4/2/3311552.jpg?0
10000000286,10000000044,ГК Бавария,2090,http://s.taplink.cc/p/e/1/e/b/2741923.jpg?0
10000000287,10000000044,Гостевая футболка Баварии.,2090,http://s.taplink.cc/p/1/2/4/7/2741835.jpg?0
10000000288,10000000044,Домашняя футболка Баварии.,2090,http://s.taplink.cc/p/4/d/5/2/2741815.jpg?0
10000000289,10000000044,Домашняя футболка Баварии,2090,http://s.taplink.cc/p/f/d/5/6/2067606.jpg?0
10000000290,10000000044,Резервная футболка Баварии.,2090,http://s.taplink.cc/p/e/6/8/f/708052.jpg?0
10000000291,10000000044,Гостевая футболка Баварии,2090,http://s.taplink.cc/p/3/3/5/8/2067624.jpg?0
10000000292,10000000044,Вратарская  футболка Баварии.,2090,http://s.taplink.cc/p/e/5/b/4/708058.jpg?0
10000000293,10000000044,Костюмы
10000000294,10000000045,Тренировочный костюм Бавария 20/21,4790,http://s.taplink.cc/p/7/9/7/c/10146004.jpg?0
10000000295,10000000045,Повседневный костюм Бавария 20/21,4790,http://s.taplink.cc/p/f/7/c/7/10145997.jpg?0
10000000296,10000000045,Летний повседневный костюм Бавария 20/21,3590,http://s.taplink.cc/p/7/2/9/d/10145985.jpg?0
10000000297,10000000045,Летний тренировочный комплект Бавария 20/21,3590,http://s.taplink.cc/p/f/2/5/4/10145972.jpg?0
10000000298,10000000045,Летний повседневный костюм Баварии.,3590,http://s.taplink.cc/p/2/5/9/8/3492028.jpg?1
10000000299,10000000045,Красный костюм с капюшоном Бавария,4790,http://s.taplink.cc/p/5/e/3/4/3242176.jpg?0
10000000300,10000000045,Утепленный костюм Баварии,5290,http://s.taplink.cc/p/4/b/b/d/3242152.jpg?0
10000000301,10000000045,Повседневный костюм Баварии серо-оранжевый,4590,http://s.taplink.cc/p/5/f/0/9/3242138.jpg?0
10000000302,10000000045,Повседневный костюм с капюшоном Бавария,4590,http://s.taplink.cc/p/9/2/6/e/3242082.jpg?0
10000000303,10000000045,Бавария повседневный костюм,4590,http://s.taplink.cc/p/4/3/c/a/2391449.jpg?0
10000000304,10000000045,Повседневный летний комплект Бaвaрия,3590,http://s.taplink.cc/p/1/8/b/1/2103956.jpg?0
10000000305,10000000045,Повседневный костюм Баварии серый,4590,http://s.taplink.cc/p/f/e/2/7/2103852.jpg?0
10000000306,10000000045,Поло
10000000307,10000000046,Бавария Поло,2090,http://s.taplink.cc/p/f/4/0/6/2067504.jpg?0
10000000308,10000000046,Поло Бавария белое,2090,http://s.taplink.cc/p/a/d/2/a/2067494.jpg?0
10000000309,10000000046,Поло Бавария.,2090,http://s.taplink.cc/p/4/c/b/a/706036.jpg?0
10000000310,10000000046,Красное поло Бавария.,2090,http://s.taplink.cc/p/1/e/3/7/706087.jpg?0
10000000311,10000000046,Поло темно-синие Бавария.,2090,http://s.taplink.cc/p/7/5/6/c/706096.jpg?0
10000000312,10000000046,Боруссия Д
10000000313,10000000047,Костюмы
10000000314,10000000048,Черный тренировочный костюм Боруссия Д. 20/21,4290,http://s.taplink.cc/p/1/3/a/3/10187128.jpg?0
10000000315,10000000048,Боруссия Д. тренировочный комплект 20/21,4290,http://s.taplink.cc/p/3/5/2/e/10185203.jpg?0
10000000316,10000000048,Повседневный костюм Боруccия Д. 20/21,4790,http://s.taplink.cc/p/c/7/f/f/10146979.jpg?0
10000000317,10000000048,Боруссия повседневный костюм 20/21,4790,http://s.taplink.cc/p/2/6/6/0/10146949.jpg?0
10000000318,10000000048,Летний повседневный костюм Боруссия Д. 20/21,3590,http://s.taplink.cc/p/6/f/2/5/10146009.jpg?0
10000000319,10000000048,Боруссия Д. повседневный серый костюм,3590,http://s.taplink.cc/p/3/9/4/5/6989380.jpg?0
10000000320,10000000048,Желтый повседневный костюм Боруссии Д.,3590,http://s.taplink.cc/p/2/1/b/c/3492116.jpg?1
10000000321,10000000048,Черный повседневный костюм Боруссии Д.,3590,http://s.taplink.cc/p/9/6/8/8/3492044.jpg?1
10000000322,10000000048,Желтый тренировочный костюм Боруссия Д.,3390,http://s.taplink.cc/p/6/d/b/a/3242108.jpg?0
10000000323,10000000048,Летний черный тренировочный костюм Боруссии Д.,3590,http://s.taplink.cc/p/4/d/d/5/3242044.jpg?0
10000000324,10000000048,Повседневный костюм Боруссии Д.,4590,http://s.taplink.cc/p/d/e/a/7/2740665.jpg?0
10000000325,10000000048,Повседневный костюм Боруссии Д. 19/20,4590,http://s.taplink.cc/p/8/f/b/2/2740645.jpg?0
10000000326,10000000048,Поло
10000000327,10000000049,'Серое поло ''Боруссия''',2090,http://s.taplink.cc/p/7/e/7/c/6989524.jpg?0
10000000328,10000000049,Боруссия Д. поло,2090,http://s.taplink.cc/p/3/5/e/e/6988360.jpg?0
10000000329,10000000049,Поло Боруссия Д. черное,2090,http://s.taplink.cc/p/4/3/c/e/2067764.jpg?0
10000000330,10000000049,Поло Боруссия Д.,2090,http://s.taplink.cc/p/b/d/1/7/2067762.jpg?0
10000000331,10000000049,Футболки
10000000332,10000000050,Боруссия Дортмунд резервная 20/21,2090,http://s.taplink.cc/p/a/e/8/8/10145470.jpg?0
10000000333,10000000050,Боруссия Дортмунд 20/21 гостевая,2090,http://s.taplink.cc/p/2/8/9/f/10145354.jpg?0
10000000334,10000000050,Боруссия Дортмунд 20/21 домашняя,2090,http://s.taplink.cc/p/d/1/7/e/10143104.jpg?0
10000000335,10000000050,ГК Боруссия Д.,2090,http://s.taplink.cc/p/8/4/8/7/3309638.jpg?0
10000000336,10000000050,Боруссия Д. гостевая футболка,2090,http://s.taplink.cc/p/f/5/8/1/2741963.jpg?0
10000000337,10000000050,Боруссия Д. домашняя футболка,2090,http://s.taplink.cc/p/b/2/4/d/2383022.jpg?0
10000000338,10000000050,Гостевая футболка Боруссия Д.,2090,http://s.taplink.cc/p/4/f/7/4/771523.jpg?0
10000000339,10000000050,Домашняя футболка Боруссия Д.,2090,http://s.taplink.cc/p/4/b/4/3/771490.jpg?0
10000000340,10000000050,Боруссия М
10000000341,10000000051,Домашняя футболка Боруссия М. 20/21,2090,http://s.taplink.cc/p/8/3/1/d/10145720.jpg?0
10000000342,10000000051,Футболка Боруссия М. гостевая 20/21,2090,http://s.taplink.cc/p/d/2/6/8/10145698.jpg?0
10000000343,10000000051,Боруссия М. домашняя футболка,2090,http://s.taplink.cc/p/4/7/6/b/3311604.jpg?0
10000000344,10000000051,Вердер
10000000345,10000000052,Футболка Вердера,2090,http://s.taplink.cc/p/1/7/8/4/3309664.jpg?0
10000000346,10000000052,Вольфсбург 
10000000347,10000000053,Домашняя футболка Вольфсбург 20/21,2090,http://s.taplink.cc/p/f/8/1/6/10145656.jpg?0
10000000348,10000000053,Футболка Вольфсбург,2090,http://s.taplink.cc/p/9/2/5/f/3311504.jpg?0
10000000349,10000000053,Герта
10000000350,10000000054,Герта домашняя футболка,2090,http://s.taplink.cc/p/a/a/d/9/3534246.jpg?0
10000000351,10000000054,Шальке 
10000000352,10000000055,Домашняя футболка Шальке 04,2090,http://s.taplink.cc/p/9/2/4/b/3312408.jpg?0
10000000353,10000000055,Ла Лига 
10000000354,10000000056,Атлетик Б
10000000355,10000000057,Домашняя футболка Атлетик Бильбао,2090,http://s.taplink.cc/p/9/a/1/5/3312304.jpg?0
10000000356,10000000057,Атлетико Мадрид
10000000357,10000000058,Игровые футболки
10000000358,10000000059,Атлетико Мадрид домашняя футболка 20/21,2090,http://s.taplink.cc/p/0/4/d/f/10189639.jpg?0
10000000359,10000000059,Третья футболка Атлетико Мадрид,2090,http://s.taplink.cc/p/9/7/1/4/3534386.jpg?0
10000000360,10000000059,Гостевая футболка Атлетико Мадрид,2090,http://s.taplink.cc/p/a/a/f/6/2741805.jpg?0
10000000361,10000000059,Атлетико Мадрид домашняя футболка,2090,http://s.taplink.cc/p/4/4/8/5/2382836.jpg?0
10000000362,10000000059,Домашняя футболка Атлетико М.,2090,http://s.taplink.cc/p/c/5/c/3/708154.jpg?0
10000000363,10000000059,Костюмы
10000000364,10000000060,Атлетико Мадрид повседневный костюм 20/21.,4790,http://s.taplink.cc/p/8/5/a/6/10223948.jpg?0
10000000365,10000000060,Атлетико Мадрид летний костюм 20/21,3590,http://s.taplink.cc/p/0/7/e/d/10223942.jpg?0
10000000366,10000000060,Черно-зеленый костюм Атлетико Мадрид 20/21,4790,http://s.taplink.cc/p/4/9/9/4/10223924.jpg?0
10000000367,10000000060,Зеленый повседневный костюм Атлетико Мадрид 20/21,4790,http://s.taplink.cc/p/a/7/3/2/10223894.jpg?0
10000000368,10000000060,Повседневный костюм Атлетико Мадрид 20/21,4790,http://s.taplink.cc/p/b/9/c/e/10223876.jpg?0
10000000369,10000000060,Атлетико Мадрид повседневный костюм 20/21,4790,http://s.taplink.cc/p/6/3/5/2/10223840.jpg?0
10000000370,10000000060,'Повседневный черно-красный костюм ''Атлетико Мадрид''',3590,http://s.taplink.cc/p/7/7/c/9/6983960.jpg?0
10000000371,10000000060,'Летний повседневный костюм ''Атлетико Мадрид''.',3590,http://s.taplink.cc/p/0/b/1/8/6983585.jpg?0
10000000372,10000000060,'''Атлетико Мадрид'' повседневный костюм',4790,http://s.taplink.cc/p/7/8/9/7/5711695.jpg?0
10000000373,10000000060,'Повседневный костюм ''Атлетико Мадрид''',4790,http://s.taplink.cc/p/6/2/a/d/5711536.jpg?0
10000000374,10000000060,'Летний повседневный костюм ''Атлетико Мадрид''',3590,http://s.taplink.cc/p/9/a/e/3/5710102.jpg?0
10000000375,10000000060,Серый тренировочный комплект Атлетико Мадрид,4290,http://s.taplink.cc/p/d/e/4/0/3533880.jpg?0
10000000376,10000000060,Поло 
10000000377,10000000061,'Поло красно-белое ''Атлетико Мадрид''',2090,http://s.taplink.cc/p/9/0/2/1/6983705.jpg?0
10000000378,10000000061,'Поло ''Атлетико Мадрид'' черно-красное',2090,http://s.taplink.cc/p/4/8/b/4/6983636.jpg?0
10000000379,10000000061,'Поло ''Атлетико Мадрид''',2090,http://s.taplink.cc/p/d/a/d/a/5710273.jpg?0
10000000380,10000000061,Поло Атлетико Мадрид синие,2090,http://s.taplink.cc/p/6/6/1/9/2067286.jpg?0
10000000381,10000000061,Поло Атлетико Мадрид  жёлтое,2090,http://s.taplink.cc/p/e/8/3/7/2066628.jpg?0
10000000382,10000000061,Поло Атлетико Мадрид,2090,http://s.taplink.cc/p/6/b/4/6/2066626.jpg?0
10000000383,10000000061,Поло Атлетико М.,2090,http://s.taplink.cc/p/2/c/0/5/707572.jpg?0
10000000384,10000000061,Барселона
10000000385,10000000062,Игровые футболки
10000000386,10000000063,Тренировочная футболка Барселона 20/21.,2090,http://s.taplink.cc/p/6/d/a/e/10189462.jpg?0
10000000387,10000000063,Тренировочная футболка Барселона 20/21,2090,http://s.taplink.cc/p/f/5/c/4/10189432.jpg?0
10000000388,10000000063,Резервная футболка Барселона 20/21,2090,http://s.taplink.cc/p/0/b/d/4/10189286.jpg?0
10000000389,10000000063,Гостевая футболка Барселона 20/21,2090,http://s.taplink.cc/p/1/b/2/2/10189211.jpg?0
10000000390,10000000063,Домашняя футболка Барселона 20/21,2090,http://s.taplink.cc/p/a/e/7/6/10189148.jpg?0
10000000391,10000000063,ГК Барселона,2090,http://s.taplink.cc/p/8/f/8/8/3310858.jpg?0
10000000392,10000000063,Барселона третья футболка,2090,http://s.taplink.cc/p/1/3/0/2/3310766.jpg?0
10000000393,10000000063,Гостевая футболка Барселоны.,2090,http://s.taplink.cc/p/5/0/0/1/2499391.jpg?0
10000000394,10000000063,Домашняя футболка Барселoны,2090,http://s.taplink.cc/p/9/5/f/7/2382948.jpg?0
10000000395,10000000063,Тренировочная футболка Барселоны,2090,http://s.taplink.cc/p/3/e/0/5/686062.jpg?0
10000000396,10000000063,Тренировочная футбoлка Барселоны.,2090,http://s.taplink.cc/p/f/1/0/0/686071.jpg?0
10000000397,10000000063,Тренировочный комплект Барселоны оранжевый,2090,http://s.taplink.cc/p/7/5/d/2/686074.jpg?0
10000000398,10000000063,Костюмы
10000000399,10000000064,Пoвседневный костюм Барселона 20/21,4790,http://s.taplink.cc/p/1/8/b/2/10261340.jpg?0
10000000400,10000000064,Черный костюм повседневный Барселона 19/21,4790,http://s.taplink.cc/p/9/4/1/5/10261313.jpg?0
10000000401,10000000064,Повседневный кoстюм Барселона 20/21,4790,http://s.taplink.cc/p/b/5/7/5/10191487.jpg?0
10000000402,10000000064,Повседневный летний костюм Барселона 20/21,3590,http://s.taplink.cc/p/7/1/3/1/10191472.jpg?0
10000000403,10000000064,Повседневный костюм Барселона 20/21.,4790,http://s.taplink.cc/p/3/7/3/6/10191439.jpg?0
10000000404,10000000064,Бардовый повседневный костюм Барселона 20/21,3590,http://s.taplink.cc/p/d/a/d/6/10191397.jpg?0
10000000405,10000000064,Желтый летний костюм Барселона 20/21,3590,http://s.taplink.cc/p/f/3/5/5/10191355.jpg?0
10000000406,10000000064,Бардовый тренировочный костюм Барселона 20/21,4290,http://s.taplink.cc/p/2/d/e/e/10191328.jpg?0
10000000407,10000000064,Черный тренировочный костюм Барселона 20/21,4290,http://s.taplink.cc/p/4/6/8/c/10191295.jpg?0
10000000408,10000000064,Черный летний тренировочный костюм Барселона 20/21,3590,http://s.taplink.cc/p/9/5/d/d/10191268.jpg?0
10000000409,10000000064,Желтый повседневный костюм Барселона 20/21,4790,http://s.taplink.cc/p/2/b/c/4/10191241.jpg?0
10000000410,10000000064,Синий повседневный костюм Барселона 20/21,4790,http://s.taplink.cc/p/5/2/8/f/10191199.jpg?0
10000000411,10000000064,Поло
10000000412,10000000065,'Синие поло ''Барселона''',2090,http://s.taplink.cc/p/9/9/9/d/6987916.jpg?0
10000000413,10000000065,'Сине-красное поло ''Барселона''',2090,http://s.taplink.cc/p/9/3/d/3/6985780.jpg?0
10000000414,10000000065,'Серое поло ''Барселона''',2090,http://s.taplink.cc/p/8/b/e/0/6985729.jpg?0
10000000415,10000000065,'Поло ''Барселона''.',2090,http://s.taplink.cc/p/4/9/3/f/6982514.jpg?0
10000000416,10000000065,'Поло ''Барселона''',2090,http://s.taplink.cc/p/e/0/d/9/5710789.jpg?0
10000000417,10000000065,Барселона поло 19/20,2090,http://s.taplink.cc/p/5/3/e/8/2740651.jpg?0
10000000418,10000000065,Поло Барселона черное,2090,http://s.taplink.cc/p/0/2/6/6/2740611.jpg?0
10000000419,10000000065,Барселона поло,2090,http://s.taplink.cc/p/a/3/c/4/2062262.jpg?0
10000000420,10000000065,Поло Барселоны салатовое,2090,http://s.taplink.cc/p/2/1/f/6/2062260.jpg?0
10000000421,10000000065,Поло Барселоны светло-серое,2090,http://s.taplink.cc/p/6/6/1/e/2062258.jpg?0
10000000422,10000000065,Поло Барселоны черное,2090,http://s.taplink.cc/p/a/d/c/3/2062252.jpg?0
10000000423,10000000065,Поло Барселоны серое,2090,http://s.taplink.cc/p/c/8/c/7/2062230.jpg?0
10000000424,10000000065,Ретро
10000000425,10000000066,Барселона 98-99 ретро,2590,http://s.taplink.cc/p/3/c/4/1/2118982.jpg?0
10000000426,10000000066,Барселона ретро 07-08,2740,http://s.taplink.cc/p/0/7/9/b/2118866.jpg?0
10000000427,10000000066,Барселона ретро 95-96,2590,http://s.taplink.cc/p/0/4/f/1/2118820.jpg?0
10000000428,10000000066,Барселона ретро 05-06,2590,http://s.taplink.cc/p/f/3/9/e/2118722.jpg?0
10000000429,10000000066,Валенсия
10000000430,10000000067,Гостевая футболка Валенсии.,2090,http://s.taplink.cc/p/1/b/1/6/3312294.jpg?0
10000000431,10000000067,Гостевая футболка Валенсии,2090,http://s.taplink.cc/p/c/7/2/a/3312288.jpg?0
10000000432,10000000067,Валенсия третья футболка,2090,http://s.taplink.cc/p/9/a/6/d/3312212.jpg?0
10000000433,10000000067,Депортиво
10000000434,10000000068,Домашняя футболка Депортиво 20/21,2090,http://s.taplink.cc/p/1/e/8/5/10190098.jpg?0
10000000435,10000000068,Осасуна
10000000436,10000000069,Резервная футболка Осасуна,2090,http://s.taplink.cc/p/5/5/9/6/10190056.jpg?0
10000000437,10000000069,Домашняя футболка Осасуна 20/21,2090,http://s.taplink.cc/p/5/5/4/a/10190032.jpg?0
10000000438,10000000069,Осасуна гостевая футболка 20/21,2090,http://s.taplink.cc/p/7/e/7/4/10189984.jpg?0
10000000439,10000000069,Реал Мадрид
10000000440,10000000070,Игровые футболки
10000000441,10000000071,Гостевая футболка Реал Мадрид 20/21,2090,http://s.taplink.cc/p/a/4/6/f/10189522.jpg?0
10000000442,10000000071,Реал Мадрид домашняя футболка 20/21,2090,http://s.taplink.cc/p/4/e/c/c/10189483.jpg?0
10000000443,10000000071,Реал Мадрид резервная футболка,2090,http://s.taplink.cc/p/3/7/a/3/2741765.jpg?0
10000000444,10000000071,Вратарская форма Реал Мадрид.,2090,http://s.taplink.cc/p/9/8/1/e/2390711.jpg?0
10000000445,10000000071,Домашняя футболка Реал Мадрид,2090,http://s.taplink.cc/p/3/c/1/5/2383386.jpg?0
10000000446,10000000071,Гостевая футболка Реал Мадрид,2090,http://s.taplink.cc/p/d/6/c/7/2383096.jpg?0
10000000447,10000000071,Вратарская форма Реал Мадрид,2090,http://s.taplink.cc/p/c/3/0/5/686092.jpg?0
10000000448,10000000071,Тренировочная футболка Реал Мадрид,2090,http://s.taplink.cc/p/a/d/6/b/2062088.jpg?0
10000000449,10000000071,Футболка Реал Мадрид домашняя,2090,http://s.taplink.cc/p/6/8/a/a/679552.jpg?0
10000000450,10000000071,Футболка Реал Мадрид резервная,2090,http://s.taplink.cc/p/a/4/d/7/680401.jpg?0
10000000451,10000000071,Костюмы
10000000452,10000000072,Пoвседневный кoстюм Реал Мадрид 20/21,4790,http://s.taplink.cc/p/e/1/c/2/10223975.jpg?0
10000000453,10000000072,Реал Мадрид черный повседневный костюм 20/21,4790,http://s.taplink.cc/p/d/2/b/1/10223813.jpg?0
10000000454,10000000072,Белый повседневный костюм Реал Мадрид 20/21,4790,http://s.taplink.cc/p/5/0/e/9/10223033.jpg?0
10000000455,10000000072,Повседневный костюм Реал Мадрид 20/21,4790,http://s.taplink.cc/p/5/1/4/9/10223003.jpg?0
10000000456,10000000072,Серый тренировочный костюм Реал Мадрид 20/21,4290,http://s.taplink.cc/p/7/b/e/5/10222943.jpg?0
10000000457,10000000072,Пoвседневный костюм Реал Мадрид 20/21,3390,http://s.taplink.cc/p/e/8/7/3/10222892.jpg?0
10000000458,10000000072,Серый повседневный костюм Реал Мадрид 20/21,4790,http://s.taplink.cc/p/2/0/7/8/10222829.jpg?0
10000000459,10000000072,Серый летний повседневный костюм 20/21,3590,http://s.taplink.cc/p/d/6/c/c/10222811.jpg?0
10000000460,10000000072,Тренировочный костюм Реал Мадрид 20/21,4290,http://s.taplink.cc/p/b/4/7/f/10222763.jpg?0
10000000461,10000000072,Летний повседневный костюм Реал Мадрид 20/21,3590,http://s.taplink.cc/p/3/0/2/4/10222709.jpg?0
10000000462,10000000072,Белый летний костюм Реал Мадрид 20/21,3590,http://s.taplink.cc/p/d/c/2/3/10222667.jpg?0
10000000463,10000000072,Тренировочный летний костюм Реал Мадрид 20/21,3590,http://s.taplink.cc/p/a/3/a/a/10222637.jpg?0
10000000464,10000000072,Поло
10000000465,10000000073,'''Реал Мадрид'' бирюзовое поло',2090,http://s.taplink.cc/p/1/7/0/e/6987625.jpg?0
10000000466,10000000073,'''Реал Мадрид'' поло',2090,http://s.taplink.cc/p/1/3/e/2/6983555.jpg?0
10000000467,10000000073,Поло Реал Мадрид красное,2090,http://s.taplink.cc/p/5/a/6/6/2062086.jpg?0
10000000468,10000000073,Поло Реал Мадрид Чёрное,2090,http://s.taplink.cc/p/6/b/3/5/2062082.jpg?0
10000000469,10000000073,Пoло Реал Мадрид,2090,http://s.taplink.cc/p/a/6/d/6/2062078.jpg?0
10000000470,10000000073,Поло Реал Мaдрид,2090,http://s.taplink.cc/p/b/9/a/4/2062066.jpg?0
10000000471,10000000073,Поло Реал Мадрид Белое,2090,http://s.taplink.cc/p/5/0/e/7/2062060.jpg?0
10000000472,10000000073,Поло Реал Мадрид,2090,http://s.taplink.cc/p/f/0/e/2/2062040.jpg?0
10000000473,10000000073,Ретро
10000000474,10000000074,Реал Мадрид рeтро 11-12,2490,http://s.taplink.cc/p/e/d/a/a/2119084.jpg?0
10000000475,10000000074,05.июн,2490,http://s.taplink.cc/p/8/1/2/3/2119082.jpg?0
10000000476,10000000074,Реал Мадрид ретро 04-05,2590,http://s.taplink.cc/p/f/a/8/b/2119080.jpg?0
10000000477,10000000074,Реал Мадрид ретро 11-12 домашняя,2590,http://s.taplink.cc/p/d/f/b/c/2118948.jpg?0
10000000478,10000000074,Реал Мадрид ретро 11-12,2590,http://s.taplink.cc/p/2/0/e/7/2118926.jpg?0
10000000479,10000000074,Реал Сарагоса
10000000480,10000000075,Домашняя футболка Реал Зарагоза,2090,http://s.taplink.cc/p/a/a/4/e/3312128.jpg?0
10000000481,10000000075,Севилья
10000000482,10000000076,Футболки
10000000483,10000000077,Гостевая футболка Севильи,2090,http://s.taplink.cc/p/a/9/d/6/3312280.jpg?0
10000000484,10000000077,Третья футболка Севильи,2090,http://s.taplink.cc/p/8/6/7/e/3312274.jpg?0
10000000485,10000000077,Севилья домашняя футболка,2090,http://s.taplink.cc/p/d/2/5/4/3312260.jpg?0
10000000486,10000000077,Сельта
10000000487,10000000078,Домашняя футболка Сельта 20/21,2090,http://s.taplink.cc/p/c/b/d/e/10189585.jpg?0
10000000488,10000000078,Сельта гостевая футболка 20/21,2090,http://s.taplink.cc/p/2/1/9/a/10189561.jpg?0
10000000489,10000000078,Сельта Домашняя футболка,2090,http://s.taplink.cc/p/6/d/6/0/3312254.jpg?0
10000000490,10000000078,Эспаньол 
10000000491,10000000079,Домашняя футболка Эспаньол,2090,http://s.taplink.cc/p/3/2/0/4/3312228.jpg?0
10000000492,10000000079,Лига  
10000000493,10000000080,Лиль
10000000494,10000000081,Лиль домашняя футболка,2090,http://s.taplink.cc/p/c/2/3/3/10147171.jpg?0
10000000495,10000000081,Лион
10000000496,10000000082,Костюмы
10000000497,10000000083,Черный тренировочный костюм Лион,4290,http://s.taplink.cc/p/9/8/c/e/3287162.jpg?1
10000000498,10000000083,Тренировочный костюм Лион,4290,http://s.taplink.cc/p/7/6/5/d/3287118.jpg?1
10000000499,10000000083,Футболки
10000000500,10000000084,Футболка Лион 20/21,2090,http://s.taplink.cc/p/7/b/b/d/10147369.jpg?0
10000000501,10000000084,Лион футболка 20/21,2090,http://s.taplink.cc/p/8/a/e/c/10147292.jpg?0
10000000502,10000000084,Лион третья футболка,2090,http://s.taplink.cc/p/7/7/3/4/3309710.jpg?0
10000000503,10000000084,Лион футболка,2090,http://s.taplink.cc/p/c/a/f/a/3309608.jpg?0
10000000504,10000000084,Марсель
10000000505,10000000085,Костюмы
10000000506,10000000086,'''Марсель'' повседневный комплект летний',3590,http://s.taplink.cc/p/6/b/4/9/6989425.jpg?0
10000000507,10000000086,Летний повседневный костюм Марсель,3590,http://s.taplink.cc/p/b/2/b/7/6988411.jpg?0
10000000508,10000000086,Повседневный костюм с капюшоном Марсель,4790,http://s.taplink.cc/p/0/8/e/b/3287364.jpg?1
10000000509,10000000086,Бело-синий тренировочный костюм Марсель,4290,http://s.taplink.cc/p/6/b/c/f/3287340.jpg?1
10000000510,10000000086,Тренировочный кoстюм Марсель,4290,http://s.taplink.cc/p/b/7/4/6/3287304.jpg?1
10000000511,10000000086,Повседневный костюм Марселя синий,4590,http://s.taplink.cc/p/c/e/3/b/3287296.jpg?1
10000000512,10000000086,Белый летний тренировочный костюм Марсель,3590,http://s.taplink.cc/p/6/2/4/3/3287274.jpg?1
10000000513,10000000086,Тренировочный костюм Марсель летний,3590,http://s.taplink.cc/p/1/a/b/b/3287234.jpg?1
10000000514,10000000086,Повседневный белый костюм Марселя.,4590,http://s.taplink.cc/p/b/8/f/8/3287226.jpg?1
10000000515,10000000086,Повседневный костюм Марсель.,4590,http://s.taplink.cc/p/f/3/3/7/3287198.jpg?1
10000000516,10000000086,Повседневный костюм Марселя с капюшоном,4790,http://s.taplink.cc/p/7/b/b/9/3287192.jpg?1
10000000517,10000000086,Летний тренировочный костюм Марсель,3590,http://s.taplink.cc/p/8/7/2/9/3287132.jpg?1
10000000518,10000000086,Футболки
10000000519,10000000087,Марсель гостевая футболка 20/21,2090,http://s.taplink.cc/p/a/1/d/9/10147398.jpg?0
10000000520,10000000087,Марсель домашняя 20/21,2090,http://s.taplink.cc/p/8/c/b/1/10147146.jpg?0
10000000521,10000000087,Марсель футболка,2090,http://s.taplink.cc/p/0/e/a/5/3310922.jpg?0
10000000522,10000000087,Монако
10000000523,10000000088,Игровые футболки
10000000524,10000000089,Монако домашняя футболка 20/21,2090,http://s.taplink.cc/p/6/9/5/2/10147351.jpg?0
10000000525,10000000089,Гостевая Монако 20/21,2090,http://s.taplink.cc/p/3/9/6/7/10147154.jpg?0
10000000526,10000000089,Ницца 
10000000527,10000000090,Ницца домашняя,2090,http://s.taplink.cc/p/0/3/c/8/3309700.jpg?0
10000000528,10000000090,ПСЖ
10000000529,10000000091,Тренировочная футболка ПCЖ 20/21,2090,http://s.taplink.cc/p/d/e/1/4/12293264.jpg?0
10000000530,10000000091,Резервный комплект ПСЖ,2090,http://s.taplink.cc/p/8/d/0/6/12293072.jpg?0
10000000531,10000000091,Серая тренировочная футболка ПСЖ,2090,http://s.taplink.cc/p/8/5/3/8/12292820.jpg?0
10000000532,10000000091,Тренировочная футболка ПСЖ 20/21.,2090,http://s.taplink.cc/p/a/7/9/7/12292457.jpg?0
10000000533,10000000091,Гостевая футболка ПСЖ 20/21,2090,http://s.taplink.cc/p/9/a/6/6/10147411.jpg?0
10000000534,10000000091,ПСЖ красная тренировочная футболка 20/21,2090,http://s.taplink.cc/p/a/1/6/8/10147379.jpg?0
10000000535,10000000091,ПСЖ домашняя футболка 20/21,2090,http://s.taplink.cc/p/2/2/5/3/10147321.jpg?0
10000000536,10000000091,Белая тренировочная футболка ПСЖ,2090,http://s.taplink.cc/p/4/e/0/a/10147303.jpg?0
10000000537,10000000091,Тренировочная футболка ПСЖ 20/21,2090,http://s.taplink.cc/p/7/6/c/7/10147255.jpg?0
10000000538,10000000091,Футболка ПСЖ 20/21,2090,http://s.taplink.cc/p/c/2/e/f/10147196.jpg?0
10000000539,10000000091,ГК ПСЖ.,2090,http://s.taplink.cc/p/f/6/a/b/3534118.jpg?0
10000000540,10000000091,ПСЖ третья футболка,2090,http://s.taplink.cc/p/d/e/f/2/3309902.jpg?0
10000000541,10000000091,Костюмы
10000000542,10000000092,Летние костюмы
10000000543,10000000093,Бело-розовый летний костюм ПСЖ 20/21,3590,http://s.taplink.cc/p/2/5/6/b/10187770.jpg?0
10000000544,10000000093,Красный летний повседневный костюм ПСЖ 20/21,3590,http://s.taplink.cc/p/3/d/c/2/10187692.jpg?0
10000000545,10000000093,Темно-синий летний костюм ПСЖ 20/21,3590,http://s.taplink.cc/p/5/6/d/7/10187671.jpg?0
10000000546,10000000093,Летний синий костюм ПСЖ 20/21,3590,http://s.taplink.cc/p/9/0/8/0/10187638.jpg?0
10000000547,10000000093,Летний повседневный костюм ПCЖ 20/21,3590,http://s.taplink.cc/p/4/0/4/4/10187167.jpg?0
10000000548,10000000093,Летний белый костюм ПСЖ 20/21,3590,http://s.taplink.cc/p/1/4/b/6/10187020.jpg?0
10000000549,10000000093,Летний красный костюм ПСЖ 20/21.,3590,http://s.taplink.cc/p/8/7/4/1/10187002.jpg?0
10000000550,10000000093,Летний пoвседневный костюм ПСЖ 20/21,3590,http://s.taplink.cc/p/1/1/6/b/10186942.jpg?0
10000000551,10000000093,Красный повседневный летний костюм ПСЖ 20/21,3590,http://s.taplink.cc/p/c/0/c/f/10186915.jpg?0
10000000552,10000000093,Летний повседневный костюм ПСЖ 20/21.,3590,http://s.taplink.cc/p/0/a/0/3/10186900.jpg?0
10000000553,10000000093,Летний тренировочный костюм ПСЖ 20/21,3590,http://s.taplink.cc/p/a/e/d/2/10186882.jpg?0
10000000554,10000000093,Летний черный костюм ПСЖ 20/21,3590,http://s.taplink.cc/p/d/c/b/4/10186876.jpg?0
10000000555,10000000093,Повседневные костюмы
10000000556,10000000094,Черный повседневный костюм ПСЖ 20/21,4790,http://s.taplink.cc/p/c/f/c/f/10187737.jpg?0
10000000557,10000000094,Темно-синий костюм ПСЖ 20/21.,4790,http://s.taplink.cc/p/b/c/c/7/10187620.jpg?0
10000000558,10000000094,Черно-красный костюм ПСЖ 20/21,4790,http://s.taplink.cc/p/b/9/5/4/10187605.jpg?0
10000000559,10000000094,Повседневный костюм ПСЖ 20/21,4790,http://s.taplink.cc/p/f/7/d/b/10187569.jpg?0
10000000560,10000000094,Белый повседневный костюм ПСЖ 20/21.,4790,http://s.taplink.cc/p/c/2/2/5/10187536.jpg?0
10000000561,10000000094,ПСЖ повседневный костюм с капюшоном 20/21,4790,http://s.taplink.cc/p/0/a/7/9/10187413.jpg?0
10000000562,10000000094,Белый повседневный костюм ПСЖ 20/21,4790,http://s.taplink.cc/p/1/1/4/b/10187392.jpg?0
10000000563,10000000094,Белый кoстюм ПСЖ 20/21,4790,http://s.taplink.cc/p/1/c/a/d/10187359.jpg?0
10000000564,10000000094,Синий повседневный костюм ПСЖ 20/21,4790,http://s.taplink.cc/p/e/1/8/e/10187335.jpg?0
10000000565,10000000094,Красный повседневный костюм ПСЖ 20/21.,4790,http://s.taplink.cc/p/5/0/1/2/10187269.jpg?0
10000000566,10000000094,Белый костюм ПСЖ 20/21,4790,http://s.taplink.cc/p/b/e/1/7/10187230.jpg?0
10000000567,10000000094,Черный костюм ПСЖ 20/21.,4790,http://s.taplink.cc/p/3/a/5/d/10187209.jpg?0
10000000568,10000000094,Тренировочные костюмы
10000000569,10000000095,Тренировочный костюм ПCЖ 20/21,4290,http://s.taplink.cc/p/e/0/a/d/10187707.jpg?0
10000000570,10000000095,Тренировочный костюм ПСЖ 20/21.,4290,http://s.taplink.cc/p/e/2/9/8/10187485.jpg?0
10000000571,10000000095,Тренировочный летний костюм ПСЖ 20/21,3590,http://s.taplink.cc/p/a/e/6/7/10187428.jpg?0
10000000572,10000000095,Тренировочный костюм ПСЖ 20/21,4290,http://s.taplink.cc/p/6/3/2/7/10187188.jpg?0
10000000573,10000000095,'Тренировочный костюм ''ПСЖ''',4290,http://s.taplink.cc/p/3/6/9/4/5710735.jpg?0
10000000574,10000000095,Белый тренировочный костюм ПСЖ,4290,http://s.taplink.cc/p/3/b/a/f/3491910.jpg?1
10000000575,10000000095,Тренировочный костюм ПСЖ черно-синий,4290,http://s.taplink.cc/p/3/5/e/4/3491842.jpg?1
10000000576,10000000095,Тренировочный костюм ПСЖ 19/20.,4290,http://s.taplink.cc/p/e/f/9/1/2574415.jpg?0
10000000577,10000000095,Тренировочный костюм ПСЖ 19/20,4290,http://s.taplink.cc/p/8/c/9/4/2574389.jpg?0
10000000578,10000000095,Белый тренировочный комплект ПСЖ,4290,http://s.taplink.cc/p/1/9/d/a/2104348.jpg?0
10000000579,10000000095,Розовый тренировочный костюм ПСЖ,4290,http://s.taplink.cc/p/5/7/e/5/2104300.jpg?0
10000000580,10000000095,Тренировочный комплект ПСЖ розовый,4290,http://s.taplink.cc/p/9/9/4/d/2104244.jpg?0
10000000581,10000000095,Поло
10000000582,10000000096,'Красное поло ''ПСЖ''',2090,http://s.taplink.cc/p/9/f/d/f/6989368.jpg?0
10000000583,10000000096,'Черная футболка ''ПСЖ''',2090,http://s.taplink.cc/p/f/4/3/e/6988792.jpg?0
10000000584,10000000096,'Белая футболка ''ПСЖ''',2090,http://s.taplink.cc/p/8/a/6/1/6988741.jpg?0
10000000585,10000000096,'''ПСЖ'' футболка',2090,http://s.taplink.cc/p/b/6/9/0/6988468.jpg?0
10000000586,10000000096,'''ПСЖ'' черное поло.',2090,http://s.taplink.cc/p/7/3/9/4/6987904.jpg?0
10000000587,10000000096,'''ПСЖ'' летний комплект',3590,http://s.taplink.cc/p/7/2/c/7/6987709.jpg?0
10000000588,10000000096,'''ПСЖ'' белое поло',2090,http://s.taplink.cc/p/7/1/5/8/6987598.jpg?0
10000000589,10000000096,'''ПСЖ'' черное поло',2090,http://s.taplink.cc/p/5/e/c/6/6987304.jpg?0
10000000590,10000000096,'Футболка ''ПСЖ'' белая',2090,http://s.taplink.cc/p/2/7/c/6/6985414.jpg?0
10000000591,10000000096,'Футболка ''ПСЖ''',2090,http://s.taplink.cc/p/c/9/c/e/6983612.jpg?0
10000000592,10000000096,'Поло ''ПСЖ''',2090,http://s.taplink.cc/p/5/7/c/d/6982916.jpg?0
10000000593,10000000096,'Белое поло ''ПСЖ''',2090,http://s.taplink.cc/p/5/2/2/e/6982739.jpg?0
10000000594,10000000096,Ретро
10000000595,10000000097,Ретро ПСЖ 98-99,2590,http://s.taplink.cc/p/6/4/9/f/2118760.jpg?0
10000000596,10000000097,Остальные клубы
10000000597,10000000098,Голландия 
10000000598,10000000099, Фейеноорд
10000000599,10000000100,Костюмы
10000000600,10000000101,Синий тренировочный костюм  Фейеноорд,4290,http://s.taplink.cc/p/a/8/e/c/3287356.jpg?1
10000000601,10000000101,Красный тренировочный костюм  Фейеноорд,4290,http://s.taplink.cc/p/5/b/4/7/3287254.jpg?1
10000000602,10000000101,Повседневный синий костюм  Фейеноорд,4590,http://s.taplink.cc/p/9/d/9/b/3287164.jpg?1
10000000603,10000000101,Повседневный костюм  Фейеноорд,4590,http://s.taplink.cc/p/6/d/f/b/3287146.jpg?1
10000000604,10000000101,Аякс
10000000605,10000000102,Игровые футболки
10000000606,10000000103,Домашняя футболка Аякс,2090,http://s.taplink.cc/p/b/e/d/5/2383294.jpg?0
10000000607,10000000103,Аякс гостевая футболка,2090,http://s.taplink.cc/p/0/0/f/d/2383268.jpg?0
10000000608,10000000103,Костюмы
10000000609,10000000104,Тренировочный комплект Аякса,4290,http://s.taplink.cc/p/8/1/b/a/3533886.jpg?0
10000000610,10000000104,Серый повседневный костюм Аякс,4590,http://s.taplink.cc/p/3/9/6/8/3287322.jpg?0
10000000611,10000000104,Повседневный костюм Аякс с капюшоном,4790,http://s.taplink.cc/p/f/b/e/a/3287318.jpg?1
10000000612,10000000104,Тренировочный костюм Аякса.,4290,http://s.taplink.cc/p/8/1/5/7/3287246.jpg?1
10000000613,10000000104,Тренировочный костюм Аякса,4290,http://s.taplink.cc/p/6/6/0/5/3287208.jpg?0
10000000614,10000000104,Повседневный костюм Аякс.,4590,http://s.taplink.cc/p/b/9/5/2/3287176.jpg?1
10000000615,10000000104,Аякс повседневный костюм,4590,http://s.taplink.cc/p/e/a/7/f/3287168.jpg?1
10000000616,10000000104,МЛС 
10000000617,10000000105, 
10000000618,10000000106,Orlando,2090,http://s.taplink.cc/p/b/b/d/d/2401091.jpg?0
10000000619,10000000106,Orlando City,2090,http://s.taplink.cc/p/0/c/6/6/2400923.jpg?0
10000000620,10000000106,Seattle Sounders,2090,http://s.taplink.cc/p/a/4/3/1/2401341.jpg?0
10000000621,10000000106,Los Angeles FC home,2090,http://s.taplink.cc/p/3/5/d/1/2401493.jpg?0
10000000622,10000000106,Los Angeles FC,2090,http://s.taplink.cc/p/c/a/2/4/2401479.jpg?0
10000000623,10000000106,Los Angeles,2090,http://s.taplink.cc/p/4/7/c/5/2401123.jpg?0
10000000624,10000000106,Atlanta United FС,2090,http://s.taplink.cc/p/9/2/9/3/2401455.jpg?0
10000000625,10000000106,Atlanta United.,2090,http://s.taplink.cc/p/8/8/b/a/2401351.jpg?0
10000000626,10000000106,Atlanta United,2090,http://s.taplink.cc/p/7/4/5/6/2401231.jpg?0
10000000627,10000000106,Atlanta United,2090,http://s.taplink.cc/p/3/c/0/b/2401027.jpg?0
10000000628,10000000106,LA Galaxy,2090,http://s.taplink.cc/p/9/0/4/9/2401383.jpg?0
10000000629,10000000106,Los Angeles GA,2090,http://s.taplink.cc/p/2/6/2/c/2401117.jpg?0
10000000630,10000000106,  
10000000631,10000000107,DC United,2090,http://s.taplink.cc/p/d/8/7/a/2401005.jpg?0
10000000632,10000000107,   
10000000633,10000000108,NY Red Bull,2090,http://s.taplink.cc/p/b/8/6/8/2401193.jpg?0
10000000634,10000000108,Португалия 
10000000635,10000000109,Бенфика
10000000636,10000000110,Черный тренировочный костюм Бенфика,4290,http://s.taplink.cc/p/1/5/4/f/3287310.jpg?1
10000000637,10000000110,Красный повседневный костюм Бенфика,4590,http://s.taplink.cc/p/7/f/d/0/3287188.jpg?1
10000000638,10000000110,Тренировочный костюм Бенфика,4290,http://s.taplink.cc/p/d/0/0/e/3287154.jpg?1
10000000639,10000000110,Порту
10000000640,10000000111,Костюмы 
10000000641,10000000112,Белый повседневный костюм Порту,4590,http://s.taplink.cc/p/6/3/5/b/3287330.jpg?1
10000000642,10000000112,Повседневный костюм Порту,4590,http://s.taplink.cc/p/e/2/5/7/3287214.jpg?1
10000000643,10000000112,РПЛ 
10000000644,10000000113,Спартак Москва 
10000000645,10000000114,Гостевая футболка Спартака,2090,http://s.taplink.cc/p/a/b/d/7/2866197.jpg?0
10000000646,10000000114,Домашняя футболка Спартака,2090,http://s.taplink.cc/p/0/a/d/3/2866193.jpg?0
10000000647,10000000114,Серия А 
10000000648,10000000115,Атланта
10000000649,10000000116,Атланта домашняя футболка,2090,http://s.taplink.cc/p/a/c/7/0/3311898.jpg?0
10000000650,10000000116,Интер
10000000651,10000000117,Игровые футболки
10000000652,10000000118,Домашняя футболка Интер 20/21,2090,http://s.taplink.cc/p/2/2/d/8/10146140.jpg?0
10000000653,10000000118,Интер третья футболка,2090,http://s.taplink.cc/p/d/4/9/9/3310832.jpg?0
10000000654,10000000118,Интер домашняя футболка,2090,http://s.taplink.cc/p/9/7/9/5/2741695.jpg?0
10000000655,10000000118,Интер футболка,2090,http://s.taplink.cc/p/b/6/3/f/2741673.jpg?0
10000000656,10000000118,Домашняя футболка Интер,2090,http://s.taplink.cc/p/a/5/4/f/771376.jpg?0
10000000657,10000000118,Костюмы
10000000658,10000000119,Интер повседневный костюм 20/21,4790,http://s.taplink.cc/p/c/8/8/9/10146933.jpg?0
10000000659,10000000119,Синий повседневный летний костюм 20/21,4790,http://s.taplink.cc/p/e/2/0/a/10146903.jpg?0
10000000660,10000000119,Интер повседневный летний костюм 20/21,3590,http://s.taplink.cc/p/0/c/3/6/10146782.jpg?0
10000000661,10000000119,Повседневный костюм Интер 20/21,4790,http://s.taplink.cc/p/d/8/d/f/10146758.jpg?0
10000000662,10000000119,Интер летний тренировочный костюм 20/21,3590,http://s.taplink.cc/p/c/b/b/9/10146742.jpg?0
10000000663,10000000119,Летний повседневный костюм Интер 20/21.,3590,http://s.taplink.cc/p/e/b/9/d/10146655.jpg?0
10000000664,10000000119,Летний повседневный костюм Интер 20/21,3590,http://s.taplink.cc/p/5/b/1/8/10146643.jpg?0
10000000665,10000000119,'Повседневный костюм ''Интер''.',3590,http://s.taplink.cc/p/4/c/0/8/6985669.jpg?0
10000000666,10000000119,'''Интер'' серый костюм',4790,http://s.taplink.cc/p/a/e/b/9/5712001.jpg?0
10000000667,10000000119,'''Интер'' костюм осень-весна',5390,http://s.taplink.cc/p/d/1/3/4/5710801.jpg?0
10000000668,10000000119,'Летний костюм ''Интер''',3590,http://s.taplink.cc/p/6/e/0/6/5709889.jpg?0
10000000669,10000000119,Лeтний повседневный костюм Интер,3590,http://s.taplink.cc/p/a/1/f/9/3492112.jpg?1
10000000670,10000000119,Поло
10000000671,10000000120,'Синие поло ''Интер''',2090,http://s.taplink.cc/p/d/c/7/9/6985462.jpg?0
10000000672,10000000120,'Поло ''Интер''',2090,http://s.taplink.cc/p/8/8/8/0/5709907.jpg?0
10000000673,10000000120,Поло Интeр,2090,http://s.taplink.cc/p/b/5/b/6/2067284.jpg?0
10000000674,10000000120,Поло Интер,2090,http://s.taplink.cc/p/6/3/6/2/2067276.jpg?0
10000000675,10000000120,Лацио
10000000676,10000000121,Лацио гостевая футболка,2090,http://s.taplink.cc/p/8/5/a/8/3311872.jpg?0
10000000677,10000000121,Лацио домашняя футболка,2090,http://s.taplink.cc/p/d/f/9/e/3311842.jpg?0
10000000678,10000000121,Милан
10000000679,10000000122,Игровые футболки
10000000680,10000000123,Милан резервная футболка,2090,http://s.taplink.cc/p/9/2/5/b/2741757.jpg?0
10000000681,10000000123,Гостевая форма Милана,2090,http://s.taplink.cc/p/7/d/2/7/2383150.jpg?0
10000000682,10000000123,Домашняя футболка Милана,2090,http://s.taplink.cc/p/6/d/9/6/2118600.jpg?0
10000000683,10000000123,Домашняя футболка Милана.,2090,http://s.taplink.cc/p/1/4/d/b/708079.jpg?0
10000000684,10000000123,Гостевая футболка Милана,2090,http://s.taplink.cc/p/0/7/c/4/708082.jpg?0
10000000685,10000000123,Костюмы
10000000686,10000000124,Бирюзовый комплект Милан 20/21,4790,http://s.taplink.cc/p/f/b/b/f/10261178.jpg?0
10000000687,10000000124,Милан повседневный кoстюм 20/21,4790,http://s.taplink.cc/p/4/0/0/5/10146906.jpg?0
10000000688,10000000124,Милан повседневный костюм 20/21,4790,http://s.taplink.cc/p/2/8/c/b/10146862.jpg?0
10000000689,10000000124,Милан тренировочный костюм 20/21,4290,http://s.taplink.cc/p/5/1/f/1/10146770.jpg?0
10000000690,10000000124,Повседневный костюм Милан 20/21,4790,http://s.taplink.cc/p/e/0/9/8/10146608.jpg?0
10000000691,10000000124,'Летний костюм ''Милан''',3590,http://s.taplink.cc/p/e/2/3/4/5709922.jpg?0
10000000692,10000000124,Красный летний повседневный костюм Милана,3590,http://s.taplink.cc/p/a/c/2/9/3492100.jpg?1
10000000693,10000000124,Черный летний повседневный костюм Милана,3590,http://s.taplink.cc/p/9/e/c/7/3492068.jpg?1
10000000694,10000000124,Черный утепленный костюм Милана,5290,http://s.taplink.cc/p/f/c/9/a/3336164.jpg?1
10000000695,10000000124,Тренировочный костюм Милана.,3390,http://s.taplink.cc/p/2/a/9/0/3242182.jpg?0
10000000696,10000000124,Летний тренировочный костюм Милана черно-красный,3590,http://s.taplink.cc/p/6/8/c/9/3242088.jpg?0
10000000697,10000000124,Ветровка Милана.,3290,http://s.taplink.cc/p/8/7/c/d/2740249.jpg?0
10000000698,10000000124,Поло
10000000699,10000000125,'Поло ''Милан''',2090,http://s.taplink.cc/p/1/c/8/5/5709934.jpg?0
10000000700,10000000125,Поло Милан красное,2090,http://s.taplink.cc/p/6/8/7/0/2067096.jpg?0
10000000701,10000000125,Поло Милана черное,2090,http://s.taplink.cc/p/f/0/0/d/2067090.jpg?0
10000000702,10000000125,Ретро
10000000703,10000000126,Ретро Милан 96-97,2590,http://s.taplink.cc/p/5/a/c/4/3534280.jpg?0
10000000704,10000000126,Милан ретро 06-07,2590,http://s.taplink.cc/p/8/e/8/9/2119100.jpg?0
10000000705,10000000126,Милан 90-91,2490,http://s.taplink.cc/p/0/5/d/5/2119090.jpg?0
10000000706,10000000126,Милан ретро 07-08,2590,http://s.taplink.cc/p/f/4/7/b/2118850.jpg?0
10000000707,10000000126,Наполи
10000000708,10000000127,Игровые футболки
10000000709,10000000128,Наполи домашняя футболка,2090,http://s.taplink.cc/p/3/2/5/1/2741705.jpg?0
10000000710,10000000128,Костюмы
10000000711,10000000129,'Повседневный костюм ''Наполи''',4790,http://s.taplink.cc/p/3/d/9/3/5711911.jpg?0
10000000712,10000000129,'Костюм ''Наполи'' повседневный',4790,http://s.taplink.cc/p/5/e/4/2/5711503.jpg?0
10000000713,10000000129,Серый повседневный костюм Наполи,4790,http://s.taplink.cc/p/e/9/9/9/3575858.jpg?0
10000000714,10000000129,Повседневный костюм Наполи.,4790,http://s.taplink.cc/p/2/c/c/0/3575854.jpg?0
10000000715,10000000129,Темно-зеленый тренировочный костюм Наполи,4290,http://s.taplink.cc/p/1/7/1/7/3575848.jpg?0
10000000716,10000000129,Повседневный темно-синий костюм Наполи,4590,http://s.taplink.cc/p/7/5/c/3/3575838.jpg?0
10000000717,10000000129,Тренировочный костюм Наполи,4290,http://s.taplink.cc/p/1/3/e/e/3575828.jpg?0
10000000718,10000000129,Бело-красный повседневный костюм Наполи,4590,http://s.taplink.cc/p/4/0/2/b/3575826.jpg?0
10000000719,10000000129,Повседневный костюм Наполи черный,4590,http://s.taplink.cc/p/a/9/4/2/2103730.jpg?0
10000000720,10000000129,Повседневный костюм Наполи,4590,http://s.taplink.cc/p/4/9/3/8/2103710.jpg?0
10000000721,10000000129,Парма 
10000000722,10000000130,Домашняя футболка Пармы,2090,http://s.taplink.cc/p/8/1/f/6/3311804.jpg?0
10000000723,10000000130,Рома
10000000724,10000000131,'''Рома'' бардовый летний костюм',3590,http://s.taplink.cc/p/f/b/5/a/6987352.jpg?0
10000000725,10000000131,'Повседневный летний костюм ''Рома''',3590,http://s.taplink.cc/p/0/c/9/e/6984095.jpg?0
10000000726,10000000131,'Повседневный костюм ''Рома''',4790,http://s.taplink.cc/p/5/8/7/7/5711662.jpg?0
10000000727,10000000131,'Летний повседневный костюм ''Рома''',3590,http://s.taplink.cc/p/7/e/7/e/5710822.jpg?0
10000000728,10000000131,Тренировочный костюм Ромы черный,4290,http://s.taplink.cc/p/5/d/5/8/3533788.jpg?0
10000000729,10000000131,Черно-красный повседневный костюм Ромы,4590,http://s.taplink.cc/p/a/c/b/f/3492154.jpg?1
10000000730,10000000131,Летний повседневный костюм Рома,3590,http://s.taplink.cc/p/9/9/e/e/3492146.jpg?1
10000000731,10000000131,Рома тренировочный комплект,3390,http://s.taplink.cc/p/8/5/b/9/2740659.jpg?0
10000000732,10000000131,Повседневный костюм Ромы 19/20,4590,http://s.taplink.cc/p/d/5/c/c/2740623.jpg?0
10000000733,10000000131,Повседневный летний костюм Ромы,3590,http://s.taplink.cc/p/3/f/f/0/2103670.jpg?0
10000000734,10000000131,Летний повседневный костюм Ромы,3590,http://s.taplink.cc/p/4/d/1/1/2103668.jpg?0
10000000735,10000000131,Тренировочный комплект Ромы,4290,http://s.taplink.cc/p/a/9/8/5/747739.jpg?0
10000000736,10000000131,Поло
10000000737,10000000132,'Поло ''Рoма''.',2090,http://s.taplink.cc/p/7/e/c/0/6987040.jpg?0
10000000738,10000000132,'Поло ''Рома''.',2090,http://s.taplink.cc/p/e/f/2/a/6983453.jpg?0
10000000739,10000000132,'Поло ''Рома''',2090,http://s.taplink.cc/p/a/3/c/9/5710648.jpg?0
10000000740,10000000132,Рома поло красное,2090,http://s.taplink.cc/p/b/a/a/c/2067386.jpg?0
10000000741,10000000132,Поло Ромы,2090,http://s.taplink.cc/p/b/5/d/c/2067380.jpg?0
10000000742,10000000132,Футболки
10000000743,10000000133,Рома домашняя футболка 20/21,2090,http://s.taplink.cc/p/b/0/9/d/10146202.jpg?0
10000000744,10000000133,Рома третья футболка,2090,http://s.taplink.cc/p/1/f/0/2/3309770.jpg?0
10000000745,10000000133,Рома футболка,2090,http://s.taplink.cc/p/c/9/1/0/2741731.jpg?0
10000000746,10000000133,Домашняя футболка Ромы.,2090,http://s.taplink.cc/p/9/b/e/d/771727.jpg?0
10000000747,10000000133,Торино
10000000748,10000000134,Домашняя футболка Торино,2090,http://s.taplink.cc/p/6/b/0/b/3309848.jpg?0
10000000749,10000000134,Ювентус
10000000750,10000000135,Игровые футболки
10000000751,10000000136,Ювентус домашняя футболка 20/21,2090,http://s.taplink.cc/p/6/4/5/5/10146163.jpg?0
10000000752,10000000136,Гостевая футболка Ювентус 20/21,2090,http://s.taplink.cc/p/6/9/6/3/10146103.jpg?0
10000000753,10000000136,Четвертая футболка Ювентуса,2090,http://s.taplink.cc/p/5/4/4/d/3533742.jpg?0
10000000754,10000000136,Резервная футболка Ювентуса,2090,http://s.taplink.cc/p/c/8/e/2/2865899.jpg?0
10000000755,10000000136,Гостевая футболка Ювентус,2090,http://s.taplink.cc/p/f/3/b/6/2741663.jpg?0
10000000756,10000000136,Вратарская футболка Ювентус,2090,http://s.taplink.cc/p/3/7/7/2/2390653.jpg?0
10000000757,10000000136,Ювентус домашняя футболка,2090,http://s.taplink.cc/p/9/0/d/a/2118476.jpg?0
10000000758,10000000136,Вратарская  футболка Ювентус,2090,http://s.taplink.cc/p/1/b/2/e/708118.jpg?0
10000000759,10000000136,Футболка домашняя Ювентус.,2090,http://s.taplink.cc/p/d/5/9/d/696496.jpg?0
10000000760,10000000136,Костюмы
10000000761,10000000137,Черно-белый костюм Ювентус 20/21,4790,http://s.taplink.cc/p/7/d/1/c/10222601.jpg?0
10000000762,10000000137,Повседневный кocтюм Ювентус 20/21,4790,http://s.taplink.cc/p/b/8/c/b/10146967.jpg?0
10000000763,10000000137,Тренировoчный костюм Ювентус 20/21,4290,http://s.taplink.cc/p/f/f/6/5/10146961.jpg?0
10000000764,10000000137,Серый повседневный костюм Ювентус 20/21,4790,http://s.taplink.cc/p/0/b/b/0/10146954.jpg?0
10000000765,10000000137,Черный повседневный костюм Ювентус 20/21,4790,http://s.taplink.cc/p/c/a/9/7/10146857.jpg?0
10000000766,10000000137,Серый летний тренировочный костюм Ювентус 20/21,3590,http://s.taplink.cc/p/c/c/a/3/10146797.jpg?0
10000000767,10000000137,Ювентус повседневный костюм 20/21,3590,http://s.taplink.cc/p/8/5/b/1/10146749.jpg?0
10000000768,10000000137,Ювентус летний повседневный костюм 20/21,3590,http://s.taplink.cc/p/5/b/b/4/10146718.jpg?0
10000000769,10000000137,Ювентус летний тренировочный костюм 20/21,3590,http://s.taplink.cc/p/7/f/1/f/10146711.jpg?0
10000000770,10000000137,Летний тренировочный костюм Ювентус 20/21,3590,http://s.taplink.cc/p/c/8/5/3/10146704.jpg?0
10000000771,10000000137,Повседневный костюм Ювентус 20/21.,3590,http://s.taplink.cc/p/2/9/d/1/10146676.jpg?0
10000000772,10000000137,Тренировочный костюм Ювентус темно-синий 20/21,4290,http://s.taplink.cc/p/7/3/1/7/10146667.jpg?0
10000000773,10000000137,Поло
10000000774,10000000138,'Поло ''Ювентус'' серое',2090,http://s.taplink.cc/p/1/c/b/b/6983507.jpg?0
10000000775,10000000138,'Поло ''Ювентус''',2090,http://s.taplink.cc/p/1/1/6/2/5710093.jpg?0
10000000776,10000000138,Поло Юве черное,2090,http://s.taplink.cc/p/6/a/4/2/2741235.jpg?0
10000000777,10000000138,Поло Ювентус 19/20,2090,http://s.taplink.cc/p/5/4/d/2/2741183.jpg?0
10000000778,10000000138,Поло Ювентус бело-черное,2090,http://s.taplink.cc/p/6/f/9/c/2066972.jpg?0
10000000779,10000000138,Поло Ювентус темно-синие,2090,http://s.taplink.cc/p/4/7/5/5/2066954.jpg?0
10000000780,10000000138,Поло Ювентус кремовое,2090,http://s.taplink.cc/p/5/e/2/6/2066950.jpg?0
10000000781,10000000138,Поло Ювентус белое,2090,http://s.taplink.cc/p/b/1/2/e/2066948.jpg?0
10000000782,10000000138,Поло Ювентус чёрное,2090,http://s.taplink.cc/p/a/f/1/1/2066940.jpg?0
10000000783,10000000138,Ювентус Поло черное,2090,http://s.taplink.cc/p/9/3/c/a/2066840.jpg?0
10000000784,10000000138,Поло Ювентус,2090,http://s.taplink.cc/p/8/8/5/d/2066810.jpg?0
10000000785,10000000138,Черное поло Ювентус,2090,http://s.taplink.cc/p/0/a/2/e/691210.jpg?0
10000000786,10000000138,Ретро
10000000787,10000000139,Ювентус,2590,http://s.taplink.cc/p/6/1/a/8/2118696.jpg?0
10000000788,10000000139,Ретро Ювентус 97-98,2590,http://s.taplink.cc/p/3/b/e/2/2118654.jpg?0
10000000789,,РЕТРО
10000000790,10000000139,Арсенал
10000000791,10000000140,Арсенал ретро 88/89,2590,http://s.taplink.cc/p/5/3/f/5/10264071.jpg?0
10000000792,10000000140,Арсенал ретро 02/04,2590,http://s.taplink.cc/p/1/1/2/6/10263762.jpg?0
10000000793,10000000140,Ретро 99/00,2590,http://s.taplink.cc/p/8/2/3/9/10263609.jpg?0
10000000794,10000000140,Арсенал ретро 92/93,2590,http://s.taplink.cc/p/4/2/4/1/10263552.jpg?0
10000000795,10000000140,Ретро Арсенал 88/98,2590,http://s.taplink.cc/p/a/8/e/1/10262862.jpg?0
10000000796,10000000140,Арсенал ретро 91/93,2590,http://s.taplink.cc/p/a/2/3/3/10262685.jpg?0
10000000797,10000000140,Арсенал Ретро 07-08 домашняя,2590,http://s.taplink.cc/p/1/e/a/7/3309598.jpg?0
10000000798,10000000140,Арсенал ретро 05-06,2590,http://s.taplink.cc/p/c/d/a/c/2118976.jpg?0
10000000799,10000000140,Арсенал ретро 98-99,2590,http://s.taplink.cc/p/c/e/e/7/2118862.jpg?0
10000000800,10000000140,Арсенал ретро 07-08,2590,http://s.taplink.cc/p/4/b/e/b/2118812.jpg?0
10000000801,10000000140,Ретро Арсенал 97-98,2590,http://s.taplink.cc/p/b/5/8/f/2118716.jpg?0
10000000802,10000000140,Арсенал ретро 94-95,2590,http://s.taplink.cc/p/0/2/2/9/2118700.jpg?0
10000000803,10000000140,Барселона
10000000804,10000000141,Барселона 98-99 ретро,2590,http://s.taplink.cc/p/3/c/4/1/2118982.jpg?0
10000000805,10000000141,Барселона ретро 07-08,2740,http://s.taplink.cc/p/0/7/9/b/2118866.jpg?0
10000000806,10000000141,Барселона ретро 95-96,2590,http://s.taplink.cc/p/0/4/f/1/2118820.jpg?0
10000000807,10000000141,Барселона ретро 05-06,2590,http://s.taplink.cc/p/f/3/9/e/2118722.jpg?0
10000000808,10000000141,Ливерпуль
10000000809,10000000142,Ливерпуль ретро 04/05,2590,http://s.taplink.cc/p/d/7/6/7/10264556.jpg?0
10000000810,10000000142,Ливeрпуль ретро 96/97,2590,http://s.taplink.cc/p/4/e/1/6/10264475.jpg?0
10000000811,10000000142,Ливерпуль ретро 96/97.,2590,http://s.taplink.cc/p/b/6/3/2/10264436.jpg?0
10000000812,10000000142,Ливерпуль ретро 94/96,2590,http://s.taplink.cc/p/c/a/0/1/10264271.jpg?0
10000000813,10000000142,Ливерпуль ретро 00/01,2590,http://s.taplink.cc/p/f/0/3/b/10264050.jpg?0
10000000814,10000000142,Ливерпуль ретро 06/07,2590,http://s.taplink.cc/p/c/c/0/2/10264020.jpg?0
10000000815,10000000142,Ливерпуль ретро 95/96,2590,http://s.taplink.cc/p/7/2/3/7/10263846.jpg?0
10000000816,10000000142,Ливерпуль ретро 84,2590,http://s.taplink.cc/p/3/8/e/4/10263162.jpg?0
10000000817,10000000142,Ливерпуль ретро 17/18,2590,http://s.taplink.cc/p/e/f/c/6/10262985.jpg?0
10000000818,10000000142,Ретро Ливерпуль 84,2590,http://s.taplink.cc/p/5/c/d/a/10262820.jpg?0
10000000819,10000000142,Ливерпуль ретро 96/97,2590,http://s.taplink.cc/p/8/c/7/b/10262400.jpg?0
10000000820,10000000142,Ретро Ливерпуль 09-10 гостевая,2590,http://s.taplink.cc/p/3/8/4/a/3309586.jpg?0
10000000821,10000000142,Манчестер Юнайтед
10000000822,10000000143,МЮ ретро 85,2590,http://s.taplink.cc/p/d/5/6/1/10264214.jpg?0
10000000823,10000000143,МЮ ретро 10/11,2590,http://s.taplink.cc/p/6/6/6/7/10264044.jpg?0
10000000824,10000000143,МЮ ретро 91,2590,http://s.taplink.cc/p/5/0/8/7/10263963.jpg?0
10000000825,10000000143,МЮ ретро 88/90,2590,http://s.taplink.cc/p/4/5/d/4/10263822.jpg?0
10000000826,10000000143,МЮ ретро 12/13,2590,http://s.taplink.cc/p/c/7/5/7/10263714.jpg?0
10000000827,10000000143,МЮ ретро 07/08,2590,http://s.taplink.cc/p/8/5/a/a/10263483.jpg?0
10000000828,10000000143,МЮ ретро 95/96,2590,http://s.taplink.cc/p/2/a/2/b/10263399.jpg?0
10000000829,10000000143,MЮ ретро 94/96,2590,http://s.taplink.cc/p/7/a/9/8/10263261.jpg?0
10000000830,10000000143,МЮ ретро 86/88.,2590,http://s.taplink.cc/p/4/6/d/3/10263222.jpg?0
10000000831,10000000143,МЮ 90/91 ретро,2590,http://s.taplink.cc/p/1/7/a/8/10263078.jpg?0
10000000832,10000000143,МЮ ретро 86/88,2590,http://s.taplink.cc/p/e/0/c/3/10263015.jpg?0
10000000833,10000000143,МЮ ретро 93/95,2590,http://s.taplink.cc/p/f/e/4/a/10262949.jpg?0
10000000834,10000000143,Милан
10000000835,10000000144,Ретро Милан 96-97,2590,http://s.taplink.cc/p/5/a/c/4/3534280.jpg?0
10000000836,10000000144,Милан ретро 06-07,2590,http://s.taplink.cc/p/8/e/8/9/2119100.jpg?0
10000000837,10000000144,Милан 90-91,2490,http://s.taplink.cc/p/0/5/d/5/2119090.jpg?0
10000000838,10000000144,Милан ретро 07-08,2590,http://s.taplink.cc/p/f/4/7/b/2118850.jpg?0
10000000839,10000000144,ПСЖ
10000000840,10000000145,Ретро ПСЖ 98-99,2590,http://s.taplink.cc/p/6/4/9/f/2118760.jpg?0
10000000841,10000000145,Реал Мадрид
10000000842,10000000146,Реал Мадрид рeтро 11-12,2490,http://s.taplink.cc/p/e/d/a/a/2119084.jpg?0
10000000843,10000000146,05.июн,2490,http://s.taplink.cc/p/8/1/2/3/2119082.jpg?0
10000000844,10000000146,Реал Мадрид ретро 04-05,2590,http://s.taplink.cc/p/f/a/8/b/2119080.jpg?0
10000000845,10000000146,Реал Мадрид ретро 11-12 домашняя,2590,http://s.taplink.cc/p/d/f/b/c/2118948.jpg?0
10000000846,10000000146,Реал Мадрид ретро 11-12,2590,http://s.taplink.cc/p/2/0/e/7/2118926.jpg?0
10000000847,10000000146,Сборные
10000000848,10000000147,Сборная Аргентины 2006,2490,http://s.taplink.cc/p/8/b/a/a/2499369.jpg?0
10000000849,10000000147,Сборная Италии 2006 г.,2490,http://s.taplink.cc/p/4/b/5/2/2499337.jpg?0
10000000850,10000000147,Сборная Италии 2006,2490,http://s.taplink.cc/p/2/a/8/c/2499315.jpg?0
10000000851,10000000147,Аргентина ретро,2590,http://s.taplink.cc/p/c/8/3/e/2119096.jpg?0
10000000852,10000000147,Бразилия 98 ретро,2590,http://s.taplink.cc/p/c/e/d/a/2119094.jpg?0
10000000853,10000000147,Хорватия ретро,2590,http://s.taplink.cc/p/3/8/d/4/2119088.jpg?0
10000000854,10000000147,Португалия 10 ретро,2590,http://s.taplink.cc/p/a/5/7/f/2119086.jpg?0
10000000855,10000000147,Сборная Аргентины ретро,2590,http://s.taplink.cc/p/9/0/6/f/2119038.jpg?0
10000000856,10000000147,Сборная Бразилии ретро 94,2590,http://s.taplink.cc/p/3/7/a/8/2119036.jpg?0
10000000857,10000000147,Сборная Германии ретро 98,2590,http://s.taplink.cc/p/d/e/4/e/2119034.jpg?0
10000000858,10000000147,Франция ретро 98,2590,http://s.taplink.cc/p/f/e/4/6/2119024.jpg?0
10000000859,10000000147,Сборная Бразилии ретро,2590,http://s.taplink.cc/p/b/d/a/d/2118962.jpg?0
10000000860,10000000147,Челси
10000000861,10000000148,Челси ретро 2012,2590,http://s.taplink.cc/p/9/6/d/7/10263930.jpg?0
10000000862,10000000148,Ретро Челси,2590,http://s.taplink.cc/p/c/7/d/1/2118620.jpg?0
10000000863,10000000148,Ювентус
10000000864,10000000149,Ювентус,2590,http://s.taplink.cc/p/6/1/a/8/2118696.jpg?0
10000000865,10000000149,Ретро Ювентус 97-98,2590,http://s.taplink.cc/p/3/b/e/2/2118654.jpg?0
10000000866,,Сборные
10000000867,10000000149,Азия 
10000000868,10000000150,Китай 
10000000869,10000000151,Домашняя футболка Китая,2090,http://s.taplink.cc/p/6/7/8/7/3939618.jpg?0
10000000870,10000000151,Япония 
10000000871,10000000152,Домашняя футболка сборной Японии,2090,http://s.taplink.cc/p/d/8/f/7/3939525.jpg?0
10000000872,10000000152,Америка
10000000873,10000000153,Аргентина 
10000000874,10000000154,Игровые футболки 
10000000875,10000000155,Гостевая футболка сборной Аргентины,2090,http://s.taplink.cc/p/5/3/4/8/3938607.jpg?0
10000000876,10000000155,Домашняя футболка Сборной Аргентины,2090,http://s.taplink.cc/p/c/e/e/6/3938352.jpg?0
10000000877,10000000155,Сборная Аргентины ретро,2590,http://s.taplink.cc/p/9/0/6/f/2119038.jpg?0
10000000878,10000000155,Аргентина ретро,2590,http://s.taplink.cc/p/c/8/3/e/2119096.jpg?0
10000000879,10000000155,Футболка Сборной Аргентины.,2090,http://s.taplink.cc/p/0/4/a/d/746998.jpg?0
10000000880,10000000155,Сборная Аргентины 2006,2490,http://s.taplink.cc/p/8/b/a/a/2499369.jpg?0
10000000881,10000000155,Домашняя футболка сборной Аргентины.,2090,http://s.taplink.cc/p/c/4/8/e/785044.jpg?0
10000000882,10000000155,Костюмы
10000000883,10000000156,'Тренировочный костюм ''Аргентина''',4290,http://s.taplink.cc/p/0/3/8/d/6988375.jpg?0
10000000884,10000000156,'Повседневный костюм ''Аргентина''',4790,http://s.taplink.cc/p/6/6/1/8/6987115.jpg?0
10000000885,10000000156,Костюм сборной Аргентины,4290,http://s.taplink.cc/p/5/a/b/9/5712991.jpg?0
10000000886,10000000156,Тренировочный костюм Аргентины.,4290,http://s.taplink.cc/p/0/5/8/9/746983.jpg?0
10000000887,10000000156,Тренировочная футболка Аргентины.,2090,http://s.taplink.cc/p/4/2/d/5/746986.jpg?0
10000000888,10000000156,Костюм осень-весна Аргентина.,5390,http://s.taplink.cc/p/e/5/a/e/746989.jpg?0
10000000889,10000000156,Тренировочный костюм Сб. Аргентины.,4290,http://s.taplink.cc/p/7/c/1/b/746995.jpg?0
10000000890,10000000156,Повседневный космплект сб. Аргентины.,4590,http://s.taplink.cc/p/0/8/f/a/747097.jpg?0
10000000891,10000000156,Тренировочная футболка Сб. Аргентины.,2090,http://s.taplink.cc/p/3/8/2/3/747244.jpg?0
10000000892,10000000156,Бразилия 
10000000893,10000000157,Игровые футболки
10000000894,10000000158,Гостевая футболка Сборной Бразилии,2090,http://s.taplink.cc/p/1/7/6/5/3938280.jpg?0
10000000895,10000000158,Домашняя футболка Сборной Бразилии,2090,http://s.taplink.cc/p/b/3/8/2/3938199.jpg?0
10000000896,10000000158,Поло Бразилия.,2090,http://s.taplink.cc/p/9/2/0/6/746803.jpg?0
10000000897,10000000158,Футболка Сб. Бразилия,2090,http://s.taplink.cc/p/0/1/c/3/746815.jpg?0
10000000898,10000000158,Домашняя футболка Бразилии,2090,http://s.taplink.cc/p/7/f/1/7/784999.jpg?0
10000000899,10000000158,Сборная Бразилии ретро 94,2590,http://s.taplink.cc/p/3/7/a/8/2119036.jpg?0
10000000900,10000000158,Сборная Бразилии ретро,2590,http://s.taplink.cc/p/b/d/a/d/2118962.jpg?0
10000000901,10000000158,Гостевая футболка Бразилии.,2090,http://s.taplink.cc/p/c/d/d/3/785002.jpg?0
10000000902,10000000158,Костюмы
10000000903,10000000159,Повседневный костюм Бразилии.,4790,http://s.taplink.cc/p/4/1/3/7/746788.jpg?0
10000000904,10000000159,Тренировочный костюм Бразилии.,4290,http://s.taplink.cc/p/f/7/7/5/746794.jpg?0
10000000905,10000000159,Повседневный костюм Бразилии,4790,http://s.taplink.cc/p/c/8/b/e/746800.jpg?0
10000000906,10000000159,Летний комплект Бразилии,3590,http://s.taplink.cc/p/6/5/5/9/746806.jpg?0
10000000907,10000000159,Венесуэла 
10000000908,10000000160,Домашняя футболка Венесуэлы,2090,http://s.taplink.cc/p/d/b/1/e/3938934.jpg?0
10000000909,10000000160,Гондурас 
10000000910,10000000161,Гостевая футболка Гондураса,2090,http://s.taplink.cc/p/f/f/0/7/3939372.jpg?0
10000000911,10000000161,Третья футболка Гондураса,2090,http://s.taplink.cc/p/e/3/4/9/3939363.jpg?0
10000000912,10000000161,Гондурас домашняя футболка,2090,http://s.taplink.cc/p/b/4/9/d/3939360.jpg?0
10000000913,10000000161,Колумбия 
10000000914,10000000162,Футболка Сборной Колумбии,2090,http://s.taplink.cc/p/d/5/4/d/3938763.jpg?0
10000000915,10000000162,Коста Рика 
10000000916,10000000163,Третья футболка Коста-Рика,2090,http://s.taplink.cc/p/3/f/d/c/3938889.jpg?0
10000000917,10000000163,Коста Рика домашняя футболка,2090,http://s.taplink.cc/p/6/d/9/5/3938826.jpg?0
10000000918,10000000163,Коста Рика гостевая футболка,2090,http://s.taplink.cc/p/0/7/6/d/3938844.jpg?0
10000000919,10000000163,Мексика 
10000000920,10000000164,Домашняя футболка Сборной Мексики,2090,http://s.taplink.cc/p/0/5/9/6/3938961.jpg?0
10000000921,10000000164,Перу 
10000000922,10000000165,Перу домашняя футболка,2090,http://s.taplink.cc/p/6/b/2/1/3938910.jpg?0
10000000923,10000000165,Перу гостевая футболка,2090,http://s.taplink.cc/p/4/e/f/8/3938898.jpg?0
10000000924,10000000165,США 
10000000925,10000000166,Гостевая футболка сборной США,2090,http://s.taplink.cc/p/4/0/3/f/3938589.jpg?0
10000000926,10000000166,Уругвай 
10000000927,10000000167,Гостевая футболка Сборной Уругвая,2090,http://s.taplink.cc/p/0/d/b/b/3938469.jpg?0
10000000928,10000000167,Домашняя футболка сборной Уругвая,2090,http://s.taplink.cc/p/b/3/5/7/3938439.jpg?0
10000000929,10000000167,Эквадор 
10000000930,10000000168,Домашняя футболка Эквадора,2090,http://s.taplink.cc/p/9/a/f/e/3938871.jpg?0
10000000931,10000000168,Африка
10000000932,10000000169,Алжир 
10000000933,10000000170,Домашняя футболка Алжира,2090,http://s.taplink.cc/p/a/8/f/0/3939573.jpg?0
10000000934,10000000170,Гостевая футболка Алжира,2090,http://s.taplink.cc/p/b/0/b/5/3939567.jpg?0
10000000935,10000000170,Египет 
10000000936,10000000171,Домашняя футболка Египта,2090,http://s.taplink.cc/p/f/0/8/5/3939597.jpg?0
10000000937,10000000171,Египет гостевая футболка,2090,http://s.taplink.cc/p/5/e/a/9/3939591.jpg?0
10000000938,10000000171,Камерун 
10000000939,10000000172,Камерун домашняя футболка,2090,http://s.taplink.cc/p/e/4/a/4/3939585.jpg?0
10000000940,10000000172,Конго 
10000000941,10000000173,Гостевая футболка Конго,2090,http://s.taplink.cc/p/7/8/e/5/3939579.jpg?0
10000000942,10000000173,Домашняя футболка Конго,2090,http://s.taplink.cc/p/8/9/a/2/3939576.jpg?0
10000000943,10000000173,Мали 
10000000944,10000000174,Гостевая футболка Мали,2090,http://s.taplink.cc/p/9/9/b/7/3939606.jpg?0
10000000945,10000000174,Домашняя футболка Мали,2090,http://s.taplink.cc/p/6/c/0/e/3939603.jpg?0
10000000946,10000000174,Марокко 
10000000947,10000000175,Марокко гостевая футболка,2090,http://s.taplink.cc/p/3/c/1/3/3939537.jpg?0
10000000948,10000000175,Домашняя футболка сборной Марокко,2090,http://s.taplink.cc/p/d/5/e/2/3939549.jpg?0
10000000949,10000000175,Европа
10000000950,10000000176,Австрия 
10000000951,10000000177,Игровые футболки
10000000952,10000000178,Гостевая футболка Австрии,2090,http://s.taplink.cc/p/a/8/d/1/3926465.jpg?0
10000000953,10000000178,Албания 
10000000954,10000000179,Игровые футболки 
10000000955,10000000180,Третья футболка Албании,2090,http://s.taplink.cc/p/7/0/c/1/3926516.jpg?0
10000000956,10000000180,Гостевая футболка Албании,2090,http://s.taplink.cc/p/1/7/f/0/3926498.jpg?0
10000000957,10000000180,Домашняя футболка Албании,2090,http://s.taplink.cc/p/f/b/d/6/3926489.jpg?0
10000000958,10000000180,Англия 
10000000959,10000000181,Игровые футболки
10000000960,10000000182,Поло Сб. Англии.,2090,http://s.taplink.cc/p/d/2/6/6/747259.jpg?0
10000000961,10000000182,Гостевая футболка Англии.,2090,http://s.taplink.cc/p/9/1/7/9/785071.jpg?0
10000000962,10000000182,Домашняя футболка Англии.,2090,http://s.taplink.cc/p/2/e/8/5/785065.jpg?0
10000000963,10000000182,Костюмы
10000000964,10000000183,Повседневный костюм Англии.,4790,http://s.taplink.cc/p/d/5/b/3/747232.jpg?0
10000000965,10000000183,Тренировочная футболка Англии.,2090,http://s.taplink.cc/p/c/1/f/7/747238.jpg?0
10000000966,10000000183,Тренировочный костюм Сб. Англии.,4290,http://s.taplink.cc/p/0/b/9/a/747241.jpg?0
10000000967,10000000183,Тренировочный костюм Сб. Англии,4290,http://s.taplink.cc/p/c/6/c/9/747250.jpg?0
10000000968,10000000183,Тренировочный комплект сб. Англии,4290,http://s.taplink.cc/p/3/b/d/8/747268.jpg?0
10000000969,10000000183,Бельгия 
10000000970,10000000184,Игровые футболки 
10000000971,10000000185,Гостевая футболка Сборной Бельгии,2090,http://s.taplink.cc/p/c/d/6/6/3925503.jpg?0
10000000972,10000000185,Домашняя футболка сборной Бельгии на ЧЕ 2020,2090,http://s.taplink.cc/p/5/9/0/c/3534442.jpg?0
10000000973,10000000185,Костюмы
10000000974,10000000186,Сб.Бельгий тренировочный костюм,4290,http://s.taplink.cc/p/a/a/f/b/5712781.jpg?0
10000000975,10000000186,Германия 
10000000976,10000000187,Игровые футболки
10000000977,10000000188,Домашняя футболка сборной Германии ЧЕ,2090,http://s.taplink.cc/p/6/f/a/e/4432682.jpg?0
10000000978,10000000188,Футболка Сб. Германии.,2090,http://s.taplink.cc/p/d/5/6/1/735412.jpg?0
10000000979,10000000188,Футболка Сб. Германии,2090,http://s.taplink.cc/p/3/e/e/c/735427.jpg?0
10000000980,10000000188,Гостевая футболка Сб. Германии.,2090,http://s.taplink.cc/p/4/6/e/d/735595.jpg?0
10000000981,10000000188,Вратарская футболка Сб. Германии.,2090,http://s.taplink.cc/p/9/e/f/5/735613.jpg?0
10000000982,10000000188,Костюмы
10000000983,10000000189,Серый повседневный костюм Германия.,4790,http://s.taplink.cc/p/2/f/3/9/6990367.jpg?0
10000000984,10000000189,серый тренировочный летний костюм Германия,3590,http://s.taplink.cc/p/c/8/c/8/6990283.jpg?0
10000000985,10000000189,Серый тренировочный костюм Германия,4290,http://s.taplink.cc/p/5/7/b/b/6990241.jpg?0
10000000986,10000000189,Серый летний поведенный костюм Германия,3590,http://s.taplink.cc/p/c/2/2/c/6990157.jpg?0
10000000987,10000000189,Серый повседневный костюм Германия,4790,http://s.taplink.cc/p/7/c/9/b/6990112.jpg?0
10000000988,10000000189,Черный повседневный костюм Германия,4790,http://s.taplink.cc/p/9/e/6/8/6990070.jpg?0
10000000989,10000000189,Летний повседневный костюм Германии,3590,http://s.taplink.cc/p/a/c/0/c/6989965.jpg?0
10000000990,10000000189,Серый костюм Германии,4290,http://s.taplink.cc/p/3/0/b/2/5712988.jpg?0
10000000991,10000000189,'Тренировочный комплект ''Германия''',4290,http://s.taplink.cc/p/c/6/0/3/5712928.jpg?0
10000000992,10000000189,сб. Германия тренировочый костюм,4290,http://s.taplink.cc/p/b/8/5/3/5712775.jpg?0
10000000993,10000000189,Черно-белый костюм Германии,4790,http://s.taplink.cc/p/1/b/f/e/4249448.jpg?0
10000000994,10000000189,Черный костюм Сборной Германии,4790,http://s.taplink.cc/p/7/6/a/8/4249445.jpg?0
10000000995,10000000189,Ирландия 
10000000996,10000000190,Игровые футболки
10000000997,10000000191,Ирландия,2090,http://s.taplink.cc/p/0/b/0/9/3926624.jpg?0
10000000998,10000000191,Республика Ирландия,2090,http://s.taplink.cc/p/2/6/9/b/3926657.jpg?0
10000000999,10000000191,Испания 
10000001000,10000000192,Домашняя футболка Испании,2090,http://s.taplink.cc/p/f/6/7/4/3925644.jpg?0
10000001001,10000000192,Домашняя футболка Испании.,2090,http://s.taplink.cc/p/1/7/c/3/785005.jpg?0
10000001002,10000000192,Костюмы 
10000001003,10000000193,Летний комплект Испании с поло,3590,http://s.taplink.cc/p/7/a/f/0/6990271.jpg?0
10000001004,10000000193,Повседневный костюм Испании,4790,http://s.taplink.cc/p/7/a/b/b/6990208.jpg?0
10000001005,10000000193,Классический красный костюм Испания,4790,http://s.taplink.cc/p/3/0/4/6/6990178.jpg?0
10000001006,10000000193,Летний повседневный костюм Испания,3590,http://s.taplink.cc/p/5/7/1/9/6990142.jpg?0
10000001007,10000000193,'Черный повседневный костюм ''Испания''',3590,http://s.taplink.cc/p/3/e/2/c/6990043.jpg?0
10000001008,10000000193,'Летний повседневный костюм ''Испания''',3590,http://s.taplink.cc/p/a/8/3/9/6989938.jpg?0
10000001009,10000000193,Летний комплект Испания,3590,http://s.taplink.cc/p/c/b/1/6/6989539.jpg?0
10000001010,10000000193,Повседневный костюм Испания,4790,http://s.taplink.cc/p/8/5/3/d/6989482.jpg?0
10000001011,10000000193,Тренировочный костюм Испания,4290,http://s.taplink.cc/p/3/f/2/6/6989185.jpg?0
10000001012,10000000193,Серый костюм Испании,4290,http://s.taplink.cc/p/e/e/5/3/5712985.jpg?0
10000001013,10000000193,Тренировочный костюм сб. Испания,4290,http://s.taplink.cc/p/5/8/f/9/5712751.jpg?0
10000001014,10000000193,Повседневный костюм Сб. Испании.,4790,http://s.taplink.cc/p/1/8/7/5/746935.jpg?0
10000001015,10000000193,Италия 
10000001016,10000000194,Игровые футболки
10000001017,10000000195,'Поло ''Италия'' синие',2090,http://s.taplink.cc/p/2/6/1/c/6985480.jpg?0
10000001018,10000000195,Тренировочная футболка Италии,2090,http://s.taplink.cc/p/f/f/b/4/3926013.jpg?0
10000001019,10000000195,Гостевая футболка сборной Италии,2090,http://s.taplink.cc/p/f/f/e/b/3926001.jpg?0
10000001020,10000000195,Сборная Италии 2006,2490,http://s.taplink.cc/p/2/a/8/c/2499315.jpg?0
10000001021,10000000195,Сборная Италии 2006 г.,2490,http://s.taplink.cc/p/4/b/5/2/2499337.jpg?0
10000001022,10000000195,Третья футболка сборной Италии,2090,http://s.taplink.cc/p/c/1/f/9/3534482.jpg?0
10000001023,10000000195,Костюмы
10000001024,10000000196,Летний тренировочный костюм Италия,3590,http://s.taplink.cc/p/f/9/1/8/6990334.jpg?0
10000001025,10000000196,'Повседневный костюм ''Италии''',4790,http://s.taplink.cc/p/8/9/a/3/6989893.jpg?0
10000001026,10000000196,'Повседневный зеленый костюм ''Италия''',3590,http://s.taplink.cc/p/3/5/4/2/6988840.jpg?0
10000001027,10000000196,Повседневный летний костюм Сб.Италии,3590,http://s.taplink.cc/p/5/b/a/2/6987649.jpg?0
10000001028,10000000196,'Повседневный летний костюм ''Италия''',3590,http://s.taplink.cc/p/a/d/2/7/6985249.jpg?0
10000001029,10000000196,Повседневный костюм сб. Италии,4790,http://s.taplink.cc/p/2/5/d/0/5710246.jpg?0
10000001030,10000000196,Тренировочный костюм Италии,4290,http://s.taplink.cc/p/2/a/6/2/5710096.jpg?0
10000001031,10000000196,Тренировочный костюм сборной Италии,4290,http://s.taplink.cc/p/e/b/5/b/3925917.jpg?0
10000001032,10000000196,Повседневный костюм Италии.,4790,http://s.taplink.cc/p/d/4/e/9/3925929.jpg?0
10000001033,10000000196,Повседневный костюм Италии,4590,http://s.taplink.cc/p/a/6/3/5/3533680.jpg?0
10000001034,10000000196,Повседневный костюм Сборной Италии,4590,http://s.taplink.cc/p/1/6/e/b/3533812.jpg?0
10000001035,10000000196,Поло
10000001036,10000000197,'''Италия'' поло',2090,http://s.taplink.cc/p/2/3/8/b/6987739.jpg?0
10000001037,10000000197,Италия поло зеленое,2090,http://s.taplink.cc/p/4/c/7/9/6988333.jpg?0
10000001038,10000000197,Польша 
10000001039,10000000198,Игровые футболки
10000001040,10000000199,Домашняя футболка Польши,2090,http://s.taplink.cc/p/a/8/c/e/3926480.jpg?0
10000001041,10000000199,Португалия 
10000001042,10000000200,Португалия 10 ретро,2590,http://s.taplink.cc/p/a/5/7/f/2119086.jpg?0
10000001043,10000000200,Домашняя футболка сборной Португалии.,2090,http://s.taplink.cc/p/e/c/c/2/785050.jpg?0
10000001044,10000000200,Костюмы
10000001045,10000000201,Тренировочная футболка Сб. Португалии,2090,http://s.taplink.cc/p/a/4/d/3/747058.jpg?0
10000001046,10000000201,Тренировочная футболка Сб. Португалии.,2090,http://s.taplink.cc/p/f/b/2/1/747064.jpg?0
10000001047,10000000201,Тренировочный комплект Сб. Португалии.,4290,http://s.taplink.cc/p/c/f/3/6/747070.jpg?0
10000001048,10000000201,Повседневный костюм Сб. Португалии,4790,http://s.taplink.cc/p/7/8/d/3/747082.jpg?0
10000001049,10000000201,Повседневный костюм Сб. Португалии.,4790,http://s.taplink.cc/p/4/1/9/3/747112.jpg?0
10000001050,10000000201,Поло
10000001051,10000000202,Поло Сб. Португалии.,2090,http://s.taplink.cc/p/8/d/7/b/747100.jpg?0
10000001052,10000000202,Поло Сб. Португалии,2090,http://s.taplink.cc/p/5/6/d/c/747103.jpg?0
10000001053,10000000202,Ретро
10000001054,10000000203,Португалия 10 ретро,2590,http://s.taplink.cc/p/a/5/7/f/2119086.jpg?0
10000001055,10000000203,Россия 
10000001056,10000000204,Сборная России ЧЕ,2090,http://s.taplink.cc/p/a/9/d/3/3923679.jpg?0
10000001057,10000000204,Домашняя футболка Сборной России.,2090,http://s.taplink.cc/p/1/9/d/3/728035.jpg?0
10000001058,10000000204,Уэльс 
10000001059,10000000205,Игровые футболки 
10000001060,10000000206,Домашняя футболка Уэльса,2090,http://s.taplink.cc/p/1/7/d/6/3926645.jpg?0
10000001061,10000000206,Франция 
10000001062,10000000207,Костюмы 
10000001063,10000000208,Летний повседневный темно-синий костюм Франции,3590,http://s.taplink.cc/p/0/3/4/e/3925458.jpg?0
10000001064,10000000208,Летний повседневный красный костюм Франции,3590,http://s.taplink.cc/p/6/b/5/f/3925446.jpg?0
10000001065,10000000208,Летний повседневный костюм Франции,3590,http://s.taplink.cc/p/b/6/8/c/3925440.jpg?0
10000001066,10000000208,Повседневный костюм с капюшоном Франция.,4790,http://s.taplink.cc/p/8/0/2/f/746401.jpg?0
10000001067,10000000208,Повседневный костюм с капюшоном Франция,4790,http://s.taplink.cc/p/1/e/d/f/746410.jpg?0
10000001068,10000000208,Повседневный костюм Сб. Франции,4790,http://s.taplink.cc/p/a/f/5/d/733057.jpg?0
10000001069,10000000208,Повседневный костюм Франции.,4790,http://s.taplink.cc/p/b/6/a/7/733063.jpg?0
10000001070,10000000208,Летний комплект Сборной Франции,3590,http://s.taplink.cc/p/0/9/a/f/733087.jpg?0
10000001071,10000000208,Повседневный костюм Сборной Франции,4790,http://s.taplink.cc/p/a/1/3/d/733099.jpg?0
10000001072,10000000208,Темно-синий повседневный костюм Франции,3590,http://s.taplink.cc/p/1/d/5/9/3491930.jpg?1
10000001073,10000000208,Летний повседневный костюм Франции белый,3590,http://s.taplink.cc/p/c/6/1/5/3491856.jpg?1
10000001074,10000000208,Футболки
10000001075,10000000209,Футболка сборной Франции,2090,http://s.taplink.cc/p/9/5/e/0/3925194.jpg?0
10000001076,10000000209,Гостевая футболка Сб. Франции.,2090,http://s.taplink.cc/p/1/b/5/e/735601.jpg?0
10000001077,10000000209,Франция ретро 98,2590,http://s.taplink.cc/p/f/e/4/6/2119024.jpg?0
10000001078,10000000209,Домашняя футболка сб. Франции,2090,http://s.taplink.cc/p/a/2/1/6/735622.jpg?0
10000001079,10000000209,Хорватия 
10000001080,10000000210,Игровые футболки
10000001081,10000000211,Домашняя футболка Хорватии ЧЕ,2090,http://s.taplink.cc/p/1/7/5/7/3926073.jpg?0
10000001082,10000000211,Хорватия ретро,2590,http://s.taplink.cc/p/3/8/d/4/2119088.jpg?0
10000001083,10000000211,Швейцария 
10000001084,10000000212,Гостевая футболка Швейцарии,2090,http://s.taplink.cc/p/5/c/8/e/3926324.jpg?0
10000001085,10000000212,Швеция 
10000001086,10000000213,Игровые футболки 
10000001087,10000000214,Домашняя футболка Швеции,2090,http://s.taplink.cc/p/a/c/a/8/3926282.jpg?0
